Destination,Origin,Rejected
Australia,Afghanistan,96
Australia,Afghanistan,20
Australia,Angola,0
Australia,Albania,*
Australia,Albania,15
Australia,Andorra,0
Australia,United Arab Emirates,0
Australia,Argentina,0
Australia,American Samoa,0
Australia,Azerbaijan,6
Australia,Azerbaijan,0
Australia,Burundi,0
Australia,Burundi,0
Australia,Belgium,0
Australia,Burkina Faso,0
Australia,Burkina Faso,0
Australia,Bangladesh,256
Australia,Bangladesh,208
Australia,Bulgaria,0
Australia,Bahrain,6
Australia,Bahrain,*
Australia,Bahamas,0
Australia,Bosnia and Herzegovina,0
Australia,Belarus,0
Australia,Belarus,0
Australia,Brazil,5
Australia,Brazil,20
Australia,Brunei Darussalam,0
Australia,Brunei Darussalam,0
Australia,Bhutan,*
Australia,Bhutan,0
Australia,Botswana,0
Australia,Botswana,0
Australia,Canada,0
Australia,Canada,0
Australia,Chile,0
Australia,China,635
Australia,China,3535
Australia,Côte d'Ivoire,0
Australia,Cameroon,6
Australia,Cameroon,*
Australia,Dem. Rep. of the Congo,6
Australia,Dem. Rep. of the Congo,*
Australia,Congo,0
Australia,Colombia,18
Australia,Colombia,*
Australia,Cuba,*
Australia,Cyprus,*
Australia,Czech Rep.,0
Australia,Czech Rep.,*
Australia,Germany,*
Australia,Germany,*
Australia,Djibouti,0
Australia,Dominica,0
Australia,Denmark,*
Australia,Algeria,*
Australia,Algeria,*
Australia,Ecuador,*
Australia,Egypt,84
Australia,Egypt,55
Australia,Eritrea,0
Australia,Spain,0
Australia,Spain,0
Australia,Estonia,*
Australia,Estonia,6
Australia,Ethiopia,15
Australia,Ethiopia,6
Australia,Fiji,237
Australia,Fiji,117
Australia,France,0
Australia,France,6
Australia,Gabon,0
Australia,Gabon,0
Australia,United Kingdom,*
Australia,United Kingdom,23
Australia,Georgia,9
Australia,Georgia,*
Australia,Ghana,*
Australia,Ghana,15
Australia,Guinea,*
Australia,Guinea,*
Australia,Gambia,0
Australia,Gambia,0
Australia,Greece,*
Australia,Greece,0
Australia,Guatemala,0
Australia,"China, Hong Kong SAR",30
Australia,Honduras,0
Australia,Honduras,0
Australia,Croatia,*
Australia,Croatia,0
Australia,Haiti,0
Australia,Hungary,0
Australia,Indonesia,101
Australia,Indonesia,28
Australia,India,244
Australia,India,422
Australia,Ireland,*
Australia,Ireland,17
Australia,Iran (Islamic Rep. of),187
Australia,Iran (Islamic Rep. of),74
Australia,Iraq,91
Australia,Iraq,14
Australia,Israel,0
Australia,Israel,12
Australia,Italy,*
Australia,Italy,5
Australia,Jamaica,0
Australia,Jordan,35
Australia,Jordan,15
Australia,Japan,6
Australia,Japan,*
Australia,Kazakhstan,*
Australia,Kazakhstan,0
Australia,Kenya,8
Australia,Kenya,27
Australia,Kyrgyzstan,9
Australia,Kyrgyzstan,*
Australia,Cambodia,12
Australia,Cambodia,*
Australia,Kiribati,*
Australia,Rep. of Korea,15
Australia,Rep. of Korea,41
Australia,Kuwait,0
Australia,Kuwait,*
Australia,Lao People's Dem. Rep.,0
Australia,Lao People's Dem. Rep.,0
Australia,Lebanon,108
Australia,Lebanon,73
Australia,Liberia,0
Australia,Liberia,0
Australia,Libya,12
Australia,Libya,0
Australia,Sri Lanka,616
Australia,Sri Lanka,243
Australia,Latvia,*
Australia,Latvia,6
Australia,"China, Macao SAR",*
Australia,Morocco,0
Australia,Morocco,0
Australia,Rep. of Moldova,*
Australia,Madagascar,0
Australia,Maldives,0
Australia,Mexico,*
Australia,Mexico,0
Australia,The former Yugoslav Republic of Macedonia,*
Australia,The former Yugoslav Republic of Macedonia,*
Australia,Mali,0
Australia,Mali,0
Australia,Malta,*
Australia,Malta,*
Australia,Myanmar,19
Australia,Myanmar,6
Australia,Mongolia,11
Australia,Mongolia,33
Australia,Mauritania,0
Australia,Mauritius,*
Australia,Mauritius,9
Australia,Malawi,0
Australia,Malawi,0
Australia,Malaysia,2244
Australia,Malaysia,904
Australia,Nigeria,39
Australia,Nigeria,18
Australia,Nicaragua,*
Australia,Nicaragua,*
Australia,Netherlands,0
Australia,Netherlands,0
Australia,Norway,*
Australia,Norway,0
Australia,Nepal,121
Australia,Nepal,156
Australia,New Zealand,15
Australia,New Zealand,*
Australia,Oman,0
Australia,Pakistan,221
Australia,Pakistan,308
Australia,Peru,14
Australia,Peru,*
Australia,Philippines,38
Australia,Philippines,14
Australia,Papua New Guinea,39
Australia,Papua New Guinea,17
Australia,Poland,0
Australia,Poland,6
Australia,Dem. People's Rep. of Korea,0
Australia,Dem. People's Rep. of Korea,0
Australia,Palestinian,0
Australia,Palestinian,6
Australia,Qatar,0
Australia,Romania,0
Australia,Romania,0
Australia,Russia,20
Australia,Russia,5
Australia,Rwanda,*
Australia,Rwanda,*
Australia,Saudi Arabia,11
Australia,Saudi Arabia,*
Australia,Sudan,0
Australia,Sudan,*
Australia,Singapore,12
Australia,Singapore,*
Australia,Solomon Islands,9
Australia,Solomon Islands,*
Australia,Sierra Leone,0
Australia,Sierra Leone,0
Australia,El Salvador,6
Australia,El Salvador,*
Australia,Somalia,6
Australia,Somalia,*
Australia,Serbia and Kosovo (S/RES/1244 (1999)),*
Australia,Serbia and Kosovo (S/RES/1244 (1999)),6
Australia,South Sudan,0
Australia,South Sudan,0
Australia,Slovenia,*
Australia,Slovenia,*
Australia,Sweden,0
Australia,Seychelles,0
Australia,Seychelles,0
Australia,Syrian Arab Rep.,6
Australia,Syrian Arab Rep.,*
Australia,Chad,*
Australia,Chad,*
Australia,Togo,0
Australia,Thailand,*
Australia,Thailand,38
Australia,Tibetan,0
Australia,Tajikistan,0
Australia,Tajikistan,0
Australia,Timor-Leste,0
Australia,Tonga,20
Australia,Tonga,43
Australia,Tunisia,*
Australia,Tunisia,*
Australia,Turkey,24
Australia,Turkey,11
Australia,United Rep. of Tanzania,9
Australia,United Rep. of Tanzania,*
Australia,Uganda,*
Australia,Uganda,*
Australia,Ukraine,15
Australia,Ukraine,*
Australia,Uruguay,0
Australia,United States,14
Australia,United States,*
Australia,Uzbekistan,0
Australia,Uzbekistan,6
Australia,Saint Vincent and the Grenadines,*
Australia,Venezuela (Bolivarian Republic of),*
Australia,Venezuela (Bolivarian Republic of),*
Australia,Viet Nam,91
Australia,Viet Nam,131
Australia,Vanuatu,0
Australia,Samoa,9
Australia,Samoa,*
Australia,Stateless,14
Australia,Stateless,27
Australia,Various/Unknown,*
Australia,Various/Unknown,0
Australia,Yemen,0
Australia,Yemen,0
Australia,South Africa,5
Australia,South Africa,15
Australia,Zambia,18
Australia,Zambia,*
Australia,Zimbabwe,27
Australia,Zimbabwe,15
Brazil,Afghanistan,0
Brazil,Angola,62
Brazil,Albania,
Brazil,United Arab Emirates,0
Brazil,Argentina,*
Brazil,Armenia,0
Brazil,Burundi,0
Brazil,Belgium,0
Brazil,Benin,13
Brazil,Burkina Faso,10
Brazil,Bangladesh,33
Brazil,Bulgaria,0
Brazil,Belize,0
Brazil,Bolivia (Plurinational State of),0
Brazil,Barbados,
Brazil,Bhutan,0
Brazil,Central African Rep.,0
Brazil,Canada,0
Brazil,Switzerland,0
Brazil,Chile,0
Brazil,China,*
Brazil,Côte d'Ivoire,*
Brazil,Cameroon,7
Brazil,Dem. Rep. of the Congo,19
Brazil,Congo,0
Brazil,Colombia,*
Brazil,Cabo Verde,15
Brazil,Costa Rica,0
Brazil,Cuba,38
Brazil,Cyprus,
Brazil,Czech Rep.,0
Brazil,Germany,0
Brazil,Dominica,0
Brazil,Dominican Rep.,24
Brazil,Algeria,*
Brazil,Ecuador,0
Brazil,Egypt,9
Brazil,Eritrea,0
Brazil,Western Sahara,0
Brazil,Spain,*
Brazil,Ethiopia,0
Brazil,Fiji,
Brazil,France,0
Brazil,United Kingdom,0
Brazil,Georgia,0
Brazil,Ghana,131
Brazil,Guinea,*
Brazil,Gambia,21
Brazil,Guinea-Bissau,98
Brazil,Equatorial Guinea,0
Brazil,Greece,0
Brazil,Guatemala,0
Brazil,Guyana,0
Brazil,Honduras,0
Brazil,Haiti,0
Brazil,Hungary,
Brazil,Indonesia,0
Brazil,India,12
Brazil,Iran (Islamic Rep. of),*
Brazil,Iraq,0
Brazil,Israel,*
Brazil,Italy,*
Brazil,Jamaica,0
Brazil,Jordan,5
Brazil,Kenya,*
Brazil,Rep. of Korea,0
Brazil,Kuwait,0
Brazil,Lebanon,12
Brazil,Liberia,0
Brazil,Libya,0
Brazil,Sri Lanka,0
Brazil,Lesotho,0
Brazil,Lithuania,*
Brazil,Latvia,
Brazil,Morocco,*
Brazil,Mexico,0
Brazil,The former Yugoslav Republic of Macedonia,0
Brazil,Mali,19
Brazil,Malta,
Brazil,Myanmar,0
Brazil,Mozambique,6
Brazil,Mauritania,*
Brazil,Malaysia,0
Brazil,Namibia,*
Brazil,Niger,0
Brazil,Nigeria,33
Brazil,Nicaragua,0
Brazil,Norway,0
Brazil,Nepal,*
Brazil,Pakistan,11
Brazil,Panama,0
Brazil,Peru,*
Brazil,Philippines,16
Brazil,Poland,0
Brazil,Portugal,*
Brazil,Paraguay,0
Brazil,Palestinian,0
Brazil,Romania,0
Brazil,Russia,0
Brazil,Rwanda,0
Brazil,Saudi Arabia,
Brazil,Sudan,*
Brazil,Senegal,175
Brazil,Sierra Leone,11
Brazil,El Salvador,0
Brazil,Somalia,0
Brazil,Saint-Pierre-et-Miquelon,0
Brazil,Serbia and Kosovo (S/RES/1244 (1999)),0
Brazil,Sao Tome and Principe,*
Brazil,Suriname,0
Brazil,Sweden,0
Brazil,Swaziland,0
Brazil,Syrian Arab Rep.,0
Brazil,Togo,16
Brazil,Thailand,*
Brazil,Tibetan,0
Brazil,Tunisia,*
Brazil,Turkey,0
Brazil,United Rep. of Tanzania,*
Brazil,Uganda,0
Brazil,Ukraine,*
Brazil,Uruguay,0
Brazil,United States,0
Brazil,Venezuela (Bolivarian Republic of),28
Brazil,Stateless,0
Brazil,Yemen,0
Brazil,South Africa,*
Brazil,Zambia,*
Brazil,Zimbabwe,0
Canada,Afghanistan,84
Canada,Angola,9
Canada,Albania,79
Canada,United Arab Emirates,*
Canada,Argentina,5
Canada,Armenia,0
Canada,Antigua and Barbuda,15
Canada,Australia,
Canada,Austria,
Canada,Azerbaijan,8
Canada,Burundi,22
Canada,Belgium,7
Canada,Benin,6
Canada,Burkina Faso,14
Canada,Bangladesh,67
Canada,Bulgaria,*
Canada,Bahrain,*
Canada,Bahamas,38
Canada,Bosnia and Herzegovina,*
Canada,Belarus,0
Canada,Belize,0
Canada,Bermuda,0
Canada,Bolivia (Plurinational State of),*
Canada,Brazil,9
Canada,Barbados,6
Canada,Bhutan,0
Canada,Botswana,*
Canada,Central African Rep.,*
Canada,Switzerland,
Canada,Chile,31
Canada,China,615
Canada,Côte d'Ivoire,9
Canada,Cameroon,54
Canada,Dem. Rep. of the Congo,126
Canada,Congo,14
Canada,Colombia,190
Canada,Cabo Verde,
Canada,Costa Rica,11
Canada,Cuba,24
Canada,Cyprus,*
Canada,Czech Rep.,21
Canada,Germany,*
Canada,Djibouti,10
Canada,Dominica,*
Canada,Denmark,
Canada,Dominican Rep.,11
Canada,Algeria,33
Canada,Ecuador,7
Canada,Egypt,29
Canada,Eritrea,47
Canada,Spain,9
Canada,Ethiopia,80
Canada,Finland,
Canada,Fiji,*
Canada,France,7
Canada,Gabon,
Canada,United Kingdom,*
Canada,Georgia,28
Canada,Ghana,36
Canada,Guinea,21
Canada,Gambia,5
Canada,Guinea-Bissau,
Canada,Equatorial Guinea,
Canada,Greece,5
Canada,Grenada,*
Canada,Guatemala,37
Canada,Guyana,19
Canada,"China, Hong Kong SAR",*
Canada,Honduras,50
Canada,Croatia,17
Canada,Haiti,194
Canada,Hungary,223
Canada,Indonesia,5
Canada,India,239
Canada,Ireland,9
Canada,Iran (Islamic Rep. of),27
Canada,Iraq,133
Canada,Israel,21
Canada,Italy,31
Canada,Jamaica,72
Canada,Jordan,41
Canada,Japan,5
Canada,Kazakhstan,*
Canada,Kenya,16
Canada,Kyrgyzstan,*
Canada,Cambodia,*
Canada,Saint Kitts and Nevis,*
Canada,Rep. of Korea,*
Canada,Kuwait,8
Canada,Lebanon,101
Canada,Liberia,
Canada,Libya,40
Canada,Saint Lucia,9
Canada,Sri Lanka,32
Canada,Lithuania,
Canada,Latvia,
Canada,Morocco,8
Canada,Rep. of Moldova,*
Canada,Madagascar,
Canada,Mexico,60
Canada,The former Yugoslav Republic of Macedonia,*
Canada,Mali,53
Canada,Myanmar,
Canada,Montenegro,*
Canada,Mongolia,14
Canada,Mozambique,
Canada,Mauritania,13
Canada,Mauritius,5
Canada,Malawi,
Canada,Malaysia,*
Canada,Namibia,*
Canada,Niger,*
Canada,Nigeria,475
Canada,Nicaragua,
Canada,Netherlands,
Canada,Norway,*
Canada,Nepal,37
Canada,Pakistan,166
Canada,Panama,
Canada,Peru,22
Canada,Philippines,9
Canada,Poland,9
Canada,Dem. People's Rep. of Korea,
Canada,Portugal,*
Canada,Palestinian,24
Canada,Qatar,
Canada,Romania,*
Canada,Russia,13
Canada,Rwanda,22
Canada,Saudi Arabia,19
Canada,Sudan,30
Canada,Senegal,17
Canada,Singapore,*
Canada,Sierra Leone,6
Canada,El Salvador,59
Canada,Somalia,120
Canada,Serbia and Kosovo (S/RES/1244 (1999)),22
Canada,South Sudan,
Canada,Slovakia,65
Canada,Slovenia,
Canada,Sweden,*
Canada,Swaziland,*
Canada,Seychelles,
Canada,Syrian Arab Rep.,25
Canada,Turks and Caicos Islands,
Canada,Chad,28
Canada,Togo,6
Canada,Thailand,13
Canada,Tajikistan,*
Canada,Turkmenistan,
Canada,Trinidad and Tobago,*
Canada,Tunisia,22
Canada,Turkey,71
Canada,United Rep. of Tanzania,*
Canada,Uganda,22
Canada,Ukraine,72
Canada,Uruguay,*
Canada,United States,66
Canada,Uzbekistan,7
Canada,Saint Vincent and the Grenadines,14
Canada,Venezuela (Bolivarian Republic of),86
Canada,Viet Nam,
Canada,Vanuatu,
Canada,Stateless,*
Canada,Various/Unknown,5
Canada,Yemen,16
Canada,South Africa,16
Canada,Zambia,*
Canada,Zimbabwe,41
China,Afghanistan,
China,Angola,
China,Angola,
China,Burundi,*
China,Burundi,
China,Benin,
China,Benin,*
China,Bangladesh,
China,Brazil,
China,Central African Rep.,
China,Côte d'Ivoire,
China,Côte d'Ivoire,8
China,Cameroon,9
China,Cameroon,*
China,Dem. Rep. of the Congo,
China,Congo,
China,Colombia,
China,Egypt,
China,Eritrea,
China,Ethiopia,
China,Ghana,7
China,Ghana,29
China,Guinea,
China,Guinea,8
China,Gambia,
China,Gambia,6
China,Gambia,*
China,Guinea-Bissau,
China,Iran (Islamic Rep. of),
China,Iraq,
China,Kenya,
China,Kenya,*
China,Liberia,10
China,Liberia,
China,Liberia,*
China,Libya,
China,Mali,*
China,Mali,
China,Mozambique,*
China,Mozambique,
China,Niger,
China,Niger,*
China,Nigeria,7
China,Nigeria,34
China,Pakistan,
China,Pakistan,
China,Philippines,7
China,Philippines,*
China,Palestinian,
China,Rwanda,
China,Sudan,
China,Sierra Leone,*
China,Sierra Leone,*
China,Somalia,*
China,Somalia,
China,South Sudan,
China,Sweden,
China,Syrian Arab Rep.,
China,Togo,*
China,Togo,*
China,United Rep. of Tanzania,
China,United Rep. of Tanzania,*
China,Uganda,
China,Uganda,7
China,Ukraine,
China,Yemen,
China,South Africa,
China,South Africa,*
China,Zambia,
China,Zimbabwe,
China,Zimbabwe,*
France,Afghanistan,10
France,Afghanistan,773
France,Afghanistan,77
France,Angola,
France,Angola,357
France,Angola,273
France,Albania,3134
France,Albania,120
France,Albania,1317
France,United Arab Emirates,0
France,Argentina,*
France,Argentina,*
France,Armenia,71
France,Armenia,732
France,Armenia,1013
France,Antigua and Barbuda,0
France,Azerbaijan,
France,Azerbaijan,367
France,Azerbaijan,351
France,Burundi,
France,Burundi,9
France,Burundi,*
France,Belgium,*
France,Belgium,0
France,Benin,7
France,Benin,13
France,Benin,
France,Burkina Faso,0
France,Burkina Faso,30
France,Burkina Faso,77
France,Bangladesh,
France,Bangladesh,3486
France,Bangladesh,1714
France,Bahrain,0
France,Bosnia and Herzegovina,9
France,Bosnia and Herzegovina,93
France,Bosnia and Herzegovina,285
France,Belarus,17
France,Belarus,
France,Belarus,34
France,Bolivia (Plurinational State of),*
France,Bolivia (Plurinational State of),*
France,Brazil,*
France,Brazil,7
France,Bhutan,0
France,Bhutan,*
France,Bhutan,21
France,Botswana,0
France,Central African Rep.,485
France,Central African Rep.,
France,Central African Rep.,38
France,Canada,0
France,Chile,*
France,Chile,*
France,China,*
France,China,204
France,China,1440
France,Côte d'Ivoire,578
France,Côte d'Ivoire,16
France,Côte d'Ivoire,1028
France,Cameroon,112
France,Cameroon,422
France,Cameroon,*
France,Dem. Rep. of the Congo,2780
France,Dem. Rep. of the Congo,2769
France,Dem. Rep. of the Congo,89
France,Congo,357
France,Congo,
France,Congo,456
France,Colombia,54
France,Colombia,27
France,Colombia,
France,Comoros,
France,Comoros,61
France,Comoros,157
France,Cabo Verde,*
France,Cabo Verde,*
France,Costa Rica,*
France,Cuba,*
France,Cuba,56
France,Cuba,19
France,Czech Rep.,0
France,Germany,*
France,Germany,*
France,Djibouti,
France,Djibouti,*
France,Djibouti,32
France,Dominica,
France,Dominica,0
France,Dominica,8
France,Dominican Rep.,374
France,Dominican Rep.,
France,Dominican Rep.,58
France,Algeria,*
France,Algeria,428
France,Algeria,2072
France,Ecuador,*
France,Ecuador,0
France,Egypt,29
France,Egypt,267
France,Egypt,92
France,Eritrea,
France,Eritrea,887
France,Eritrea,282
France,Western Sahara,646
France,Western Sahara,*
France,Western Sahara,87
France,Ethiopia,71
France,Ethiopia,*
France,Ethiopia,161
France,Gabon,
France,Gabon,40
France,Gabon,12
France,United Kingdom,0
France,Georgia,
France,Georgia,966
France,Georgia,800
France,Ghana,
France,Ghana,41
France,Ghana,22
France,Guinea,29
France,Guinea,1183
France,Guinea,1256
France,Gambia,
France,Gambia,94
France,Gambia,162
France,Guinea-Bissau,96
France,Guinea-Bissau,
France,Guinea-Bissau,97
France,Equatorial Guinea,*
France,Equatorial Guinea,13
France,Greece,0
France,Guatemala,*
France,Guatemala,*
France,Guyana,
France,Guyana,30
France,Honduras,*
France,Honduras,0
France,Croatia,*
France,Croatia,0
France,Croatia,
France,Haiti,3913
France,Haiti,1258
France,Haiti,20
France,Hungary,*
France,Indonesia,0
France,India,91
France,India,60
France,India,
France,Iran (Islamic Rep. of),5
France,Iran (Islamic Rep. of),10
France,Iran (Islamic Rep. of),87
France,Iraq,27
France,Iraq,
France,Iraq,378
France,Israel,9
France,Israel,
France,Israel,*
France,Italy,0
France,Jamaica,7
France,Jamaica,6
France,Jordan,9
France,Jordan,0
France,Japan,*
France,Kazakhstan,7
France,Kazakhstan,69
France,Kazakhstan,51
France,Kenya,45
France,Kenya,
France,Kenya,*
France,Kyrgyzstan,
France,Kyrgyzstan,25
France,Kyrgyzstan,23
France,Cambodia,0
France,Cambodia,13
France,Cambodia,17
France,Rep. of Korea,0
France,Kuwait,*
France,Kuwait,*
France,Lao People's Dem. Rep.,
France,Lao People's Dem. Rep.,*
France,Lao People's Dem. Rep.,*
France,Lebanon,
France,Lebanon,41
France,Lebanon,12
France,Liberia,6
France,Liberia,0
France,Liberia,17
France,Libya,
France,Libya,37
France,Libya,105
France,Saint Lucia,5
France,Saint Lucia,0
France,Saint Lucia,
France,Sri Lanka,2010
France,Sri Lanka,
France,Sri Lanka,896
France,Lithuania,*
France,Latvia,0
France,Morocco,
France,Morocco,95
France,Morocco,273
France,Rep. of Moldova,14
France,Rep. of Moldova,21
France,Madagascar,*
France,Madagascar,81
France,Madagascar,75
France,Mexico,*
France,Mexico,5
France,Mexico,*
France,The former Yugoslav Republic of Macedonia,199
France,The former Yugoslav Republic of Macedonia,113
France,The former Yugoslav Republic of Macedonia,
France,Mali,488
France,Mali,
France,Mali,1480
France,Myanmar,11
France,Myanmar,10
France,Myanmar,44
France,Montenegro,50
France,Montenegro,
France,Montenegro,73
France,Mongolia,64
France,Mongolia,
France,Mongolia,102
France,Mozambique,5
France,Mauritania,
France,Mauritania,452
France,Mauritania,832
France,Mauritius,0
France,Mauritius,14
France,Malawi,*
France,Malaysia,0
France,Niger,
France,Niger,29
France,Niger,11
France,Nigeria,1585
France,Nigeria,918
France,Nigeria,35
France,Nicaragua,0
France,Nepal,43
France,Nepal,*
France,Nepal,64
France,Pakistan,907
France,Pakistan,1737
France,Pakistan,
France,Peru,62
France,Peru,
France,Peru,28
France,Philippines,*
France,Philippines,*
France,Poland,0
France,Dem. People's Rep. of Korea,7
France,Dem. People's Rep. of Korea,5
France,Portugal,0
France,Paraguay,0
France,Paraguay,0
France,Palestinian,*
France,Palestinian,19
France,Palestinian,43
France,Qatar,0
France,Romania,*
France,Romania,*
France,Russia,1435
France,Russia,1982
France,Russia,
France,Rwanda,46
France,Rwanda,11
France,Rwanda,34
France,Saudi Arabia,0
France,Sudan,
France,Sudan,1127
France,Sudan,3354
France,Senegal,354
France,Senegal,167
France,Senegal,*
France,Sierra Leone,35
France,Sierra Leone,*
France,Sierra Leone,75
France,El Salvador,0
France,El Salvador,6
France,El Salvador,
France,Somalia,249
France,Somalia,5
France,Somalia,692
France,Serbia and Kosovo (S/RES/1244 (1999)),2890
France,Serbia and Kosovo (S/RES/1244 (1999)),128
France,Serbia and Kosovo (S/RES/1244 (1999)),1817
France,South Sudan,14
France,South Sudan,
France,Sao Tome and Principe,0
France,Sao Tome and Principe,0
France,Suriname,*
France,Suriname,22
France,Slovakia,*
France,Slovakia,0
France,Syrian Arab Rep.,*
France,Syrian Arab Rep.,168
France,Syrian Arab Rep.,107
France,Chad,172
France,Chad,
France,Chad,305
France,Togo,96
France,Togo,113
France,Togo,*
France,Thailand,
France,Thailand,*
France,Thailand,5
France,Tajikistan,6
France,Tajikistan,7
France,Turkmenistan,*
France,Turkmenistan,0
France,Tunisia,198
France,Tunisia,75
France,Tunisia,*
France,Turkey,488
France,Turkey,162
France,Turkey,1034
France,United Rep. of Tanzania,
France,United Rep. of Tanzania,*
France,United Rep. of Tanzania,10
France,Uganda,*
France,Uganda,7
France,Ukraine,847
France,Ukraine,20
France,Ukraine,642
France,United States,*
France,United States,*
France,Uzbekistan,13
France,Uzbekistan,*
France,Uzbekistan,11
France,Saint Vincent and the Grenadines,*
France,Venezuela (Bolivarian Republic of),7
France,Venezuela (Bolivarian Republic of),
France,Venezuela (Bolivarian Republic of),136
France,Viet Nam,22
France,Viet Nam,
France,Viet Nam,14
France,Stateless,293
France,Stateless,
France,Various/Unknown,9351
France,Various/Unknown,
France,Various/Unknown,*
France,Yemen,*
France,Yemen,
France,Yemen,5
France,South Africa,*
France,South Africa,5
France,South Africa,
France,Zambia,0
France,Zimbabwe,13
France,Zimbabwe,*
Germany,Afghanistan,702
Germany,Afghanistan,83
Germany,Afghanistan,24734
Germany,Angola,*
Germany,Angola,41
Germany,Angola,*
Germany,Albania,339
Germany,Albania,29681
Germany,Albania,5350
Germany,Andorra,
Germany,United Arab Emirates,
Germany,United Arab Emirates,0
Germany,Argentina,
Germany,Argentina,*
Germany,Armenia,67
Germany,Armenia,1717
Germany,Armenia,135
Germany,Australia,
Germany,Australia,
Germany,Austria,0
Germany,Azerbaijan,45
Germany,Azerbaijan,1681
Germany,Azerbaijan,135
Germany,Burundi,
Germany,Burundi,*
Germany,Burundi,0
Germany,Belgium,*
Germany,Belgium,
Germany,Belgium,0
Germany,Benin,30
Germany,Benin,*
Germany,Benin,166
Germany,Burkina Faso,138
Germany,Burkina Faso,33
Germany,Burkina Faso,*
Germany,Bangladesh,520
Germany,Bangladesh,5
Germany,Bangladesh,162
Germany,Bulgaria,16
Germany,Bulgaria,0
Germany,Bulgaria,
Germany,Bahrain,*
Germany,Bahrain,
Germany,Bahrain,0
Germany,Bahamas,0
Germany,Bosnia and Herzegovina,3659
Germany,Bosnia and Herzegovina,576
Germany,Bosnia and Herzegovina,361
Germany,Belarus,6
Germany,Belarus,59
Germany,Belarus,*
Germany,Belize,*
Germany,Belize,0
Germany,Bolivia (Plurinational State of),
Germany,Bolivia (Plurinational State of),0
Germany,Brazil,0
Germany,Brazil,*
Germany,Bhutan,*
Germany,Bhutan,0
Germany,Bhutan,
Germany,Botswana,
Germany,Botswana,0
Germany,Botswana,
Germany,Central African Rep.,0
Germany,Central African Rep.,
Germany,Central African Rep.,*
Germany,Canada,0
Germany,Canada,
Germany,Switzerland,
Germany,Chile,
Germany,Chile,
Germany,Chile,0
Germany,China,8
Germany,China,386
Germany,China,15
Germany,Côte d'Ivoire,148
Germany,Côte d'Ivoire,6
Germany,Côte d'Ivoire,37
Germany,Cameroon,51
Germany,Cameroon,263
Germany,Cameroon,*
Germany,Dem. Rep. of the Congo,45
Germany,Dem. Rep. of the Congo,94
Germany,Dem. Rep. of the Congo,*
Germany,Congo,
Germany,Congo,*
Germany,Congo,13
Germany,Colombia,*
Germany,Colombia,
Germany,Colombia,22
Germany,Comoros,
Germany,Cabo Verde,
Germany,Cuba,
Germany,Cuba,15
Germany,Cuba,*
Germany,Cyprus,*
Germany,Czech Rep.,
Germany,Czech Rep.,
Germany,Czech Rep.,0
Germany,Djibouti,*
Germany,Djibouti,*
Germany,Djibouti,
Germany,Dominican Rep.,
Germany,Dominican Rep.,
Germany,Dominican Rep.,
Germany,Algeria,293
Germany,Algeria,75
Germany,Algeria,3154
Germany,Ecuador,*
Germany,Ecuador,0
Germany,Egypt,88
Germany,Egypt,1755
Germany,Egypt,19
Germany,Eritrea,135
Germany,Eritrea,
Germany,Eritrea,72
Germany,Spain,0
Germany,Spain,5
Germany,Spain,
Germany,Estonia,0
Germany,Estonia,*
Germany,Ethiopia,13
Germany,Ethiopia,122
Germany,Ethiopia,752
Germany,Finland,0
Germany,France,*
Germany,France,0
Germany,Gabon,
Germany,Gabon,0
Germany,Gabon,6
Germany,United Kingdom,0
Germany,United Kingdom,*
Germany,Georgia,101
Germany,Georgia,2441
Germany,Georgia,395
Germany,Ghana,8
Germany,Ghana,101
Germany,Ghana,1199
Germany,Guinea,516
Germany,Guinea,9
Germany,Guinea,30
Germany,Gambia,50
Germany,Gambia,544
Germany,Gambia,*
Germany,Guinea-Bissau,175
Germany,Guinea-Bissau,40
Germany,Guinea-Bissau,*
Germany,Equatorial Guinea,0
Germany,Equatorial Guinea,
Germany,Equatorial Guinea,*
Germany,Greece,
Germany,Greece,*
Germany,Greece,0
Germany,Grenada,0
Germany,Grenada,*
Germany,Guatemala,
Germany,Guatemala,0
Germany,"China, Hong Kong SAR",0
Germany,Honduras,
Germany,Honduras,0
Germany,Honduras,*
Germany,Croatia,
Germany,Croatia,0
Germany,Croatia,6
Germany,Haiti,*
Germany,Haiti,
Germany,Haiti,*
Germany,Hungary,*
Germany,Hungary,
Germany,Hungary,0
Germany,Indonesia,*
Germany,Indonesia,
Germany,Indonesia,0
Germany,India,9
Germany,India,104
Germany,India,3636
Germany,Iran (Islamic Rep. of),106
Germany,Iran (Islamic Rep. of),186
Germany,Iran (Islamic Rep. of),3700
Germany,Iraq,14074
Germany,Iraq,413
Germany,Iraq,174
Germany,Israel,*
Germany,Israel,
Germany,Israel,14
Germany,Italy,11
Germany,Italy,*
Germany,Jamaica,*
Germany,Jamaica,
Germany,Jamaica,*
Germany,Jordan,8
Germany,Jordan,35
Germany,Jordan,5
Germany,Japan,
Germany,Japan,
Germany,Japan,*
Germany,Kazakhstan,73
Germany,Kazakhstan,
Germany,Kazakhstan,0
Germany,Kenya,*
Germany,Kenya,54
Germany,Kenya,111
Germany,Kyrgyzstan,32
Germany,Kyrgyzstan,11
Germany,Kyrgyzstan,*
Germany,Cambodia,*
Germany,Cambodia,*
Germany,Kiribati,
Germany,Rep. of Korea,0
Germany,Rep. of Korea,
Germany,Kuwait,0
Germany,Kuwait,*
Germany,Lao People's Dem. Rep.,
Germany,Lao People's Dem. Rep.,0
Germany,Lao People's Dem. Rep.,
Germany,Lebanon,2785
Germany,Lebanon,68
Germany,Lebanon,69
Germany,Liberia,*
Germany,Liberia,22
Germany,Liberia,*
Germany,Libya,22
Germany,Libya,680
Germany,Libya,9
Germany,Sri Lanka,62
Germany,Sri Lanka,*
Germany,Sri Lanka,147
Germany,Lesotho,
Germany,Lesotho,0
Germany,Lithuania,
Germany,Lithuania,0
Germany,Lithuania,*
Germany,Luxembourg,0
Germany,Latvia,0
Germany,Latvia,
Germany,Latvia,*
Germany,Morocco,214
Germany,Morocco,33
Germany,Morocco,3004
Germany,Rep. of Moldova,*
Germany,Rep. of Moldova,9
Germany,Rep. of Moldova,2826
Germany,Madagascar,*
Germany,Madagascar,0
Germany,Mexico,
Germany,Mexico,*
Germany,Mexico,0
Germany,The former Yugoslav Republic of Macedonia,1726
Germany,The former Yugoslav Republic of Macedonia,1361
Germany,The former Yugoslav Republic of Macedonia,7815
Germany,Mali,266
Germany,Mali,*
Germany,Mali,56
Germany,Myanmar,0
Germany,Myanmar,*
Germany,Myanmar,
Germany,Montenegro,137
Germany,Montenegro,2439
Germany,Montenegro,406
Germany,Mongolia,*
Germany,Mongolia,111
Germany,Mongolia,12
Germany,Mozambique,0
Germany,Mozambique,
Germany,Mauritania,*
Germany,Mauritania,18
Germany,Mauritania,*
Germany,Mauritius,
Germany,Mauritius,0
Germany,Mauritius,*
Germany,Malawi,
Germany,Malawi,0
Germany,Malawi,
Germany,Malaysia,
Germany,Namibia,
Germany,Namibia,*
Germany,Namibia,*
Germany,Niger,5
Germany,Niger,60
Germany,Niger,14
Germany,Nigeria,144
Germany,Nigeria,1774
Germany,Nigeria,13
Germany,Nicaragua,0
Germany,Nicaragua,
Germany,Netherlands,*
Germany,Netherlands,
Germany,Netherlands,0
Germany,Norway,
Germany,Norway,0
Germany,Nepal,*
Germany,Nepal,*
Germany,Nepal,
Germany,New Zealand,
Germany,Oman,
Germany,Pakistan,743
Germany,Pakistan,8109
Germany,Pakistan,92
Germany,Peru,0
Germany,Peru,*
Germany,Peru,
Germany,Philippines,5
Germany,Philippines,
Germany,Philippines,7
Germany,Palau,0
Germany,Poland,10
Germany,Poland,
Germany,Poland,0
Germany,Dem. People's Rep. of Korea,0
Germany,Dem. People's Rep. of Korea,*
Germany,Dem. People's Rep. of Korea,
Germany,Portugal,*
Germany,Portugal,0
Germany,Paraguay,
Germany,Palestinian,
Germany,Qatar,
Germany,Romania,0
Germany,Romania,
Germany,Romania,*
Germany,Russia,5459
Germany,Russia,253
Germany,Russia,592
Germany,Rwanda,*
Germany,Rwanda,
Germany,Rwanda,*
Germany,Saudi Arabia,12
Germany,Saudi Arabia,
Germany,Saudi Arabia,0
Germany,Sudan,30
Germany,Sudan,157
Germany,Sudan,
Germany,Senegal,1270
Germany,Senegal,*
Germany,Senegal,218
Germany,Singapore,0
Germany,Solomon Islands,0
Germany,Solomon Islands,
Germany,Sierra Leone,*
Germany,Sierra Leone,9
Germany,Sierra Leone,46
Germany,El Salvador,0
Germany,El Salvador,*
Germany,Somalia,122
Germany,Somalia,12
Germany,Somalia,582
Germany,Serbia and Kosovo (S/RES/1244 (1999)),7083
Germany,Serbia and Kosovo (S/RES/1244 (1999)),3190
Germany,Serbia and Kosovo (S/RES/1244 (1999)),25836
Germany,South Sudan,7
Germany,South Sudan,
Germany,South Sudan,*
Germany,Sao Tome and Principe,
Germany,Sao Tome and Principe,
Germany,Suriname,
Germany,Slovakia,
Germany,Slovakia,0
Germany,Slovakia,
Germany,Slovenia,
Germany,Slovenia,
Germany,Sweden,
Germany,Sweden,
Germany,Sweden,*
Germany,Swaziland,
Germany,Swaziland,0
Germany,Seychelles,0
Germany,Syrian Arab Rep.,843
Germany,Syrian Arab Rep.,158
Germany,Syrian Arab Rep.,9
Germany,Chad,9
Germany,Chad,43
Germany,Chad,*
Germany,Togo,31
Germany,Togo,
Germany,Togo,12
Germany,Thailand,
Germany,Thailand,0
Germany,Thailand,
Germany,Tajikistan,14
Germany,Tajikistan,
Germany,Tajikistan,172
Germany,Turkmenistan,185
Germany,Turkmenistan,0
Germany,Turkmenistan,
Germany,Timor-Leste,
Germany,Trinidad and Tobago,0
Germany,Trinidad and Tobago,
Germany,Tunisia,854
Germany,Tunisia,130
Germany,Tunisia,31
Germany,Turkey,643
Germany,Turkey,88
Germany,Turkey,62
Germany,United Rep. of Tanzania,*
Germany,United Rep. of Tanzania,*
Germany,United Rep. of Tanzania,*
Germany,Uganda,
Germany,Uganda,*
Germany,Uganda,15
Germany,Ukraine,179
Germany,Ukraine,20
Germany,Ukraine,2260
Germany,Uruguay,
Germany,United States,*
Germany,United States,0
Germany,United States,
Germany,Uzbekistan,*
Germany,Uzbekistan,
Germany,Uzbekistan,0
Germany,Venezuela (Bolivarian Republic of),22
Germany,Venezuela (Bolivarian Republic of),
Germany,Venezuela (Bolivarian Republic of),*
Germany,British Virgin Islands,0
Germany,Viet Nam,737
Germany,Viet Nam,8
Germany,Viet Nam,12
Germany,Stateless,6
Germany,Stateless,21
Germany,Stateless,295
Germany,Various/Unknown,25
Germany,Various/Unknown,2313
Germany,Various/Unknown,223
Germany,Yemen,
Germany,Yemen,0
Germany,Yemen,*
Germany,South Africa,
Germany,South Africa,10
Germany,South Africa,0
Germany,Zambia,
Germany,Zambia,*
Germany,Zimbabwe,
Germany,Zimbabwe,22
Germany,Zimbabwe,*
Italy,Afghanistan,124
Italy,Angola,*
Italy,Albania,123
Italy,Argentina,*
Italy,Armenia,9
Italy,Azerbaijan,*
Italy,Burundi,*
Italy,Benin,148
Italy,Burkina Faso,369
Italy,Bangladesh,4616
Italy,Bahamas,*
Italy,Bosnia and Herzegovina,59
Italy,Belarus,*
Italy,Bolivia (Plurinational State of),0
Italy,Brazil,23
Italy,Botswana,0
Italy,Central African Rep.,*
Italy,Canada,0
Italy,Chile,*
Italy,China,240
Italy,Côte d'Ivoire,2633
Italy,Cameroon,334
Italy,Dem. Rep. of the Congo,20
Italy,Congo,24
Italy,Colombia,13
Italy,Comoros,*
Italy,Cabo Verde,*
Italy,Costa Rica,0
Italy,Cuba,19
Italy,Djibouti,0
Italy,Dominican Rep.,13
Italy,Algeria,105
Italy,Ecuador,10
Italy,Egypt,261
Italy,Eritrea,78
Italy,Western Sahara,*
Italy,Ethiopia,27
Italy,Fiji,0
Italy,Gabon,*
Italy,Georgia,43
Italy,Ghana,2694
Italy,Guinea,1813
Italy,Gambia,5866
Italy,Guinea-Bissau,502
Italy,Equatorial Guinea,*
Italy,Grenada,0
Italy,Guatemala,0
Italy,Guyana,*
Italy,Honduras,*
Italy,Haiti,0
Italy,Indonesia,*
Italy,India,221
Italy,Iran (Islamic Rep. of),58
Italy,Iraq,46
Italy,Israel,*
Italy,Jamaica,0
Italy,Jordan,*
Italy,Kazakhstan,*
Italy,Kenya,7
Italy,Kyrgyzstan,*
Italy,Cambodia,*
Italy,Rep. of Korea,0
Italy,Kuwait,0
Italy,Lebanon,19
Italy,Liberia,97
Italy,Libya,25
Italy,Sri Lanka,45
Italy,Lesotho,0
Italy,Morocco,311
Italy,Rep. of Moldova,11
Italy,Madagascar,*
Italy,Mexico,*
Italy,The former Yugoslav Republic of Macedonia,5
Italy,Mali,3897
Italy,Myanmar,5
Italy,Montenegro,11
Italy,Mozambique,0
Italy,Mauritania,34
Italy,Mauritius,*
Italy,Malawi,0
Italy,Namibia,*
Italy,Niger,120
Italy,Nigeria,13795
Italy,Nicaragua,9
Italy,Norway,0
Italy,Nepal,9
Italy,Pakistan,7332
Italy,Panama,0
Italy,Peru,12
Italy,Philippines,19
Italy,Palau,0
Italy,Paraguay,*
Italy,Palestinian,9
Italy,Russia,12
Italy,Rwanda,*
Italy,Saudi Arabia,0
Italy,Sudan,58
Italy,Senegal,4900
Italy,Sierra Leone,147
Italy,El Salvador,32
Italy,San Marino,0
Italy,Somalia,46
Italy,Serbia and Kosovo (S/RES/1244 (1999)),219
Italy,South Sudan,*
Italy,Swaziland,*
Italy,Syrian Arab Rep.,16
Italy,Chad,23
Italy,Togo,281
Italy,Thailand,*
Italy,Tajikistan,0
Italy,Tunisia,147
Italy,Turkey,48
Italy,United Rep. of Tanzania,*
Italy,Uganda,7
Italy,Ukraine,1394
Italy,Uruguay,*
Italy,United States,*
Italy,Uzbekistan,0
Italy,Venezuela (Bolivarian Republic of),14
Italy,Viet Nam,0
Italy,Various/Unknown,802
Italy,Yemen,0
Italy,South Africa,0
Italy,Zambia,0
Italy,Zimbabwe,*
Japan,Bangladesh,68
Japan,Bangladesh,250
Japan,China,
Japan,Cameroon,
Japan,Ghana,77
Japan,Indonesia,1742
Japan,Indonesia,290
Japan,India,
Japan,India,248
Japan,Iran (Islamic Rep. of),
Japan,Cambodia,
Japan,Sri Lanka,464
Japan,Sri Lanka,
Japan,Myanmar,195
Japan,Myanmar,319
Japan,Nigeria,
Japan,Nepal,841
Japan,Nepal,277
Japan,Pakistan,241
Japan,Pakistan,84
Japan,Philippines,775
Japan,Philippines,124
Japan,Thailand,
Japan,Turkey,888
Japan,Turkey,373
Japan,Uganda,
Japan,Viet Nam,175
Japan,Viet Nam,1213
Japan,Various/Unknown,449
Japan,Various/Unknown,511
Netherlands,Afghanistan,155
Netherlands,Afghanistan,838
Netherlands,Angola,*
Netherlands,Angola,8
Netherlands,Albania,621
Netherlands,Albania,9
Netherlands,United Arab Emirates,
Netherlands,United Arab Emirates,
Netherlands,Argentina,39
Netherlands,Armenia,15
Netherlands,Armenia,21
Netherlands,Azerbaijan,9
Netherlands,Azerbaijan,10
Netherlands,Burundi,10
Netherlands,Burundi,6
Netherlands,Benin,*
Netherlands,Benin,
Netherlands,Burkina Faso,*
Netherlands,Burkina Faso,*
Netherlands,Bangladesh,*
Netherlands,Bangladesh,16
Netherlands,Bosnia and Herzegovina,
Netherlands,Bosnia and Herzegovina,186
Netherlands,Belarus,*
Netherlands,Belarus,*
Netherlands,Brazil,*
Netherlands,Central African Rep.,
Netherlands,Canada,
Netherlands,Chile,
Netherlands,China,31
Netherlands,China,6
Netherlands,Côte d'Ivoire,7
Netherlands,Côte d'Ivoire,9
Netherlands,Cameroon,*
Netherlands,Cameroon,6
Netherlands,Dem. Rep. of the Congo,*
Netherlands,Dem. Rep. of the Congo,*
Netherlands,Congo,21
Netherlands,Congo,20
Netherlands,Colombia,15
Netherlands,Cabo Verde,*
Netherlands,Cabo Verde,*
Netherlands,Cuba,
Netherlands,Cuba,13
Netherlands,Djibouti,
Netherlands,Dominican Rep.,*
Netherlands,Algeria,158
Netherlands,Algeria,5
Netherlands,Ecuador,
Netherlands,Egypt,
Netherlands,Egypt,19
Netherlands,Eritrea,145
Netherlands,Eritrea,24
Netherlands,Ethiopia,11
Netherlands,Ethiopia,45
Netherlands,France,
Netherlands,Gabon,*
Netherlands,Georgia,109
Netherlands,Georgia,11
Netherlands,Ghana,*
Netherlands,Ghana,10
Netherlands,Guinea,41
Netherlands,Guinea,19
Netherlands,Gambia,
Netherlands,Gambia,19
Netherlands,Guinea-Bissau,*
Netherlands,Greece,
Netherlands,Guyana,0
Netherlands,Honduras,
Netherlands,Honduras,*
Netherlands,Croatia,
Netherlands,Haiti,
Netherlands,Indonesia,
Netherlands,Indonesia,*
Netherlands,India,6
Netherlands,India,23
Netherlands,Iran (Islamic Rep. of),51
Netherlands,Iran (Islamic Rep. of),349
Netherlands,Iraq,721
Netherlands,Iraq,217
Netherlands,Israel,*
Netherlands,Jamaica,10
Netherlands,Jamaica,*
Netherlands,Jordan,
Netherlands,Jordan,13
Netherlands,Japan,
Netherlands,Kazakhstan,*
Netherlands,Kazakhstan,
Netherlands,Kenya,*
Netherlands,Kenya,
Netherlands,Kyrgyzstan,
Netherlands,Kyrgyzstan,*
Netherlands,Saint Kitts and Nevis,
Netherlands,Rep. of Korea,*
Netherlands,Kuwait,0
Netherlands,Kuwait,
Netherlands,Lebanon,28
Netherlands,Lebanon,
Netherlands,Liberia,*
Netherlands,Liberia,
Netherlands,Libya,14
Netherlands,Libya,49
Netherlands,Sri Lanka,28
Netherlands,Sri Lanka,15
Netherlands,Morocco,6
Netherlands,Morocco,224
Netherlands,Rep. of Moldova,
Netherlands,Rep. of Moldova,*
Netherlands,Madagascar,
Netherlands,Madagascar,
Netherlands,Maldives,
Netherlands,Mexico,*
Netherlands,The former Yugoslav Republic of Macedonia,172
Netherlands,The former Yugoslav Republic of Macedonia,*
Netherlands,Mali,6
Netherlands,Mali,*
Netherlands,Myanmar,
Netherlands,Myanmar,*
Netherlands,Montenegro,24
Netherlands,Mongolia,331
Netherlands,Mongolia,*
Netherlands,Mozambique,
Netherlands,Mauritania,
Netherlands,Mauritania,
Netherlands,Malawi,*
Netherlands,Malaysia,*
Netherlands,Namibia,
Netherlands,Niger,*
Netherlands,Niger,
Netherlands,Nigeria,103
Netherlands,Nigeria,44
Netherlands,Nicaragua,*
Netherlands,Nepal,15
Netherlands,Nepal,*
Netherlands,Oman,
Netherlands,Pakistan,59
Netherlands,Pakistan,11
Netherlands,Peru,*
Netherlands,Philippines,*
Netherlands,Philippines,*
Netherlands,Dem. People's Rep. of Korea,0
Netherlands,Dem. People's Rep. of Korea,
Netherlands,Palestinian,*
Netherlands,Palestinian,*
Netherlands,Russia,48
Netherlands,Russia,8
Netherlands,Rwanda,*
Netherlands,Rwanda,*
Netherlands,Saudi Arabia,*
Netherlands,Saudi Arabia,
Netherlands,Sudan,12
Netherlands,Sudan,72
Netherlands,Senegal,*
Netherlands,Senegal,11
Netherlands,Sierra Leone,16
Netherlands,Sierra Leone,21
Netherlands,El Salvador,5
Netherlands,Somalia,78
Netherlands,Somalia,55
Netherlands,Serbia and Kosovo (S/RES/1244 (1999)),657
Netherlands,Serbia and Kosovo (S/RES/1244 (1999)),*
Netherlands,South Sudan,
Netherlands,South Sudan,
Netherlands,Suriname,
Netherlands,Suriname,7
Netherlands,Swaziland,
Netherlands,Syrian Arab Rep.,576
Netherlands,Syrian Arab Rep.,6
Netherlands,Chad,0
Netherlands,Chad,*
Netherlands,Togo,*
Netherlands,Togo,*
Netherlands,Thailand,
Netherlands,Tajikistan,*
Netherlands,Tajikistan,*
Netherlands,Turkmenistan,*
Netherlands,Trinidad and Tobago,*
Netherlands,Tunisia,*
Netherlands,Tunisia,37
Netherlands,Turkey,33
Netherlands,Turkey,*
Netherlands,United Rep. of Tanzania,*
Netherlands,United Rep. of Tanzania,5
Netherlands,Uganda,*
Netherlands,Uganda,21
Netherlands,Ukraine,18
Netherlands,Ukraine,171
Netherlands,Uruguay,
Netherlands,United States,*
Netherlands,United States,
Netherlands,Uzbekistan,*
Netherlands,Uzbekistan,*
Netherlands,Venezuela (Bolivarian Republic of),12
Netherlands,Viet Nam,32
Netherlands,Viet Nam,
Netherlands,Vanuatu,
Netherlands,Stateless,86
Netherlands,Stateless,13
Netherlands,Various/Unknown,37
Netherlands,Various/Unknown,104
Netherlands,Yemen,*
Netherlands,Yemen,0
Netherlands,South Africa,9
Netherlands,Zambia,*
Netherlands,Zimbabwe,8
Netherlands,Zimbabwe,*
New Zealand,Afghanistan,5
New Zealand,Bangladesh,14
New Zealand,Bulgaria,*
New Zealand,Bahrain,*
New Zealand,Bolivia (Plurinational State of),0
New Zealand,Brazil,*
New Zealand,Chile,0
New Zealand,China,12
New Zealand,Cameroon,*
New Zealand,Dem. Rep. of the Congo,*
New Zealand,Colombia,*
New Zealand,Czech Rep.,0
New Zealand,Germany,*
New Zealand,Egypt,*
New Zealand,Eritrea,0
New Zealand,Ethiopia,*
New Zealand,Finland,0
New Zealand,Fiji,20
New Zealand,United Kingdom,*
New Zealand,Georgia,*
New Zealand,Ghana,*
New Zealand,Gambia,*
New Zealand,Hungary,*
New Zealand,Indonesia,*
New Zealand,India,30
New Zealand,Iran (Islamic Rep. of),9
New Zealand,Iraq,5
New Zealand,Israel,*
New Zealand,Jordan,*
New Zealand,Japan,0
New Zealand,Kazakhstan,0
New Zealand,Rep. of Korea,*
New Zealand,Lebanon,0
New Zealand,Liberia,0
New Zealand,Libya,0
New Zealand,Sri Lanka,20
New Zealand,Morocco,0
New Zealand,Maldives,0
New Zealand,Mexico,0
New Zealand,Myanmar,*
New Zealand,Malaysia,6
New Zealand,Nigeria,*
New Zealand,Nepal,*
New Zealand,Nauru,*
New Zealand,Oman,0
New Zealand,Pakistan,11
New Zealand,Philippines,*
New Zealand,Papua New Guinea,0
New Zealand,Palestinian,0
New Zealand,Russia,*
New Zealand,Saudi Arabia,10
New Zealand,Singapore,*
New Zealand,Somalia,*
New Zealand,Serbia and Kosovo (S/RES/1244 (1999)),*
New Zealand,Syrian Arab Rep.,0
New Zealand,Togo,0
New Zealand,Thailand,0
New Zealand,Tonga,6
New Zealand,Turkey,*
New Zealand,Tuvalu,6
New Zealand,Uganda,6
New Zealand,Venezuela (Bolivarian Republic of),0
New Zealand,Viet Nam,*
New Zealand,Samoa,0
New Zealand,Various/Unknown,103
New Zealand,Yemen,0
New Zealand,South Africa,16
New Zealand,Zimbabwe,*
Saudi Arabia,Afghanistan,
Saudi Arabia,China,
Saudi Arabia,Eritrea,
Saudi Arabia,Iraq,
Saudi Arabia,Syrian Arab Rep.,
Saudi Arabia,Chad,
Saudi Arabia,Yemen,
Singapore,Bangladesh,
Singapore,Liberia,*
South Africa,Afghanistan,*
South Africa,Afghanistan,
South Africa,Angola,*
South Africa,Angola,
South Africa,Albania,
South Africa,Burundi,
South Africa,Burundi,1547
South Africa,Benin,21
South Africa,Benin,
South Africa,Burkina Faso,
South Africa,Bangladesh,
South Africa,Bangladesh,2575
South Africa,Bulgaria,*
South Africa,Bulgaria,
South Africa,Bahrain,*
South Africa,Bahamas,
South Africa,Bahamas,
South Africa,Bosnia and Herzegovina,
South Africa,Belarus,
South Africa,Bolivia (Plurinational State of),
South Africa,Botswana,
South Africa,Botswana,
South Africa,Central African Rep.,*
South Africa,Central African Rep.,
South Africa,Chile,
South Africa,China,
South Africa,China,148
South Africa,Côte d'Ivoire,
South Africa,Côte d'Ivoire,26
South Africa,Cameroon,152
South Africa,Cameroon,
South Africa,Dem. Rep. of the Congo,5875
South Africa,Dem. Rep. of the Congo,
South Africa,Congo,
South Africa,Congo,747
South Africa,Colombia,
South Africa,Comoros,
South Africa,Comoros,
South Africa,Cuba,
South Africa,Czech Rep.,
South Africa,Germany,
South Africa,Germany,
South Africa,Algeria,19
South Africa,Algeria,
South Africa,Egypt,
South Africa,Egypt,113
South Africa,Eritrea,
South Africa,Eritrea,181
South Africa,Western Sahara,
South Africa,Estonia,*
South Africa,Estonia,
South Africa,Ethiopia,
South Africa,Ethiopia,7460
South Africa,Fiji,
South Africa,Gabon,
South Africa,Gabon,13
South Africa,Ghana,984
South Africa,Ghana,
South Africa,Guinea,12
South Africa,Guinea,
South Africa,Gambia,
South Africa,Gambia,7
South Africa,Guinea-Bissau,*
South Africa,Guinea-Bissau,
South Africa,Guyana,*
South Africa,Haiti,
South Africa,Hungary,
South Africa,Indonesia,
South Africa,Indonesia,*
South Africa,India,
South Africa,India,653
South Africa,Ireland,
South Africa,Ireland,
South Africa,Iran (Islamic Rep. of),
South Africa,Iran (Islamic Rep. of),
South Africa,Iraq,*
South Africa,Iraq,
South Africa,Iceland,*
South Africa,Israel,
South Africa,Israel,
South Africa,Jamaica,
South Africa,Jamaica,*
South Africa,Jordan,
South Africa,Jordan,7
South Africa,Kenya,
South Africa,Kenya,179
South Africa,Kyrgyzstan,*
South Africa,Saint Kitts and Nevis,
South Africa,Lebanon,
South Africa,Liberia,
South Africa,Liberia,25
South Africa,Libya,
South Africa,Libya,5
South Africa,Sri Lanka,*
South Africa,Sri Lanka,
South Africa,Lesotho,
South Africa,Lesotho,22
South Africa,"China, Macao SAR",
South Africa,Morocco,
South Africa,Morocco,5
South Africa,Rep. of Moldova,
South Africa,Madagascar,
South Africa,Madagascar,*
South Africa,The former Yugoslav Republic of Macedonia,
South Africa,Mali,18
South Africa,Mali,
South Africa,Myanmar,
South Africa,Myanmar,
South Africa,Mozambique,470
South Africa,Mozambique,
South Africa,Mauritania,*
South Africa,Mauritius,*
South Africa,Mauritius,
South Africa,Malawi,
South Africa,Malawi,1642
South Africa,Namibia,
South Africa,Namibia,*
South Africa,Niger,18
South Africa,Niger,
South Africa,Nigeria,
South Africa,Nigeria,3096
South Africa,Nepal,
South Africa,Nepal,62
South Africa,Pakistan,1195
South Africa,Pakistan,
South Africa,Philippines,
South Africa,Palau,
South Africa,Portugal,
South Africa,Palestinian,5
South Africa,Palestinian,
South Africa,Russia,
South Africa,Russia,*
South Africa,Rwanda,139
South Africa,Rwanda,
South Africa,Sudan,
South Africa,Sudan,10
South Africa,Senegal,189
South Africa,Senegal,
South Africa,Solomon Islands,*
South Africa,Sierra Leone,
South Africa,Sierra Leone,*
South Africa,El Salvador,
South Africa,Somalia,904
South Africa,Somalia,
South Africa,Serbia and Kosovo (S/RES/1244 (1999)),
South Africa,Serbia and Kosovo (S/RES/1244 (1999)),*
South Africa,Sao Tome and Principe,
South Africa,Suriname,*
South Africa,Swaziland,
South Africa,Swaziland,22
South Africa,Syrian Arab Rep.,
South Africa,Syrian Arab Rep.,12
South Africa,Chad,
South Africa,Togo,
South Africa,Togo,5
South Africa,Thailand,
South Africa,Thailand,41
South Africa,Timor-Leste,*
South Africa,Tunisia,*
South Africa,Tunisia,
South Africa,Turkey,
South Africa,Turkey,
South Africa,Tuvalu,
South Africa,United Rep. of Tanzania,335
South Africa,United Rep. of Tanzania,
South Africa,Uganda,
South Africa,Uganda,851
South Africa,Ukraine,
South Africa,Ukraine,
South Africa,Uzbekistan,
South Africa,Venezuela (Bolivarian Republic of),*
South Africa,Viet Nam,
South Africa,Viet Nam,
South Africa,Wallis and Futuna Islands ,*
South Africa,Samoa,
South Africa,Various/Unknown,
South Africa,Various/Unknown,260
South Africa,Yemen,*
South Africa,Yemen,
South Africa,Zambia,
South Africa,Zambia,114
South Africa,Zimbabwe,
South Africa,Zimbabwe,7869
Spain,Afghanistan,6
Spain,Angola,*
Spain,Albania,*
Spain,United Arab Emirates,*
Spain,Argentina,*
Spain,Armenia,8
Spain,Azerbaijan,*
Spain,Benin,*
Spain,Burkina Faso,5
Spain,Bangladesh,*
Spain,Bulgaria,
Spain,Bosnia and Herzegovina,*
Spain,Belarus,*
Spain,Bolivia (Plurinational State of),*
Spain,Brazil,6
Spain,Central African Rep.,*
Spain,Chile,*
Spain,China,*
Spain,Côte d'Ivoire,8
Spain,Cameroon,19
Spain,Dem. Rep. of the Congo,17
Spain,Congo,
Spain,Colombia,93
Spain,Cabo Verde,
Spain,Costa Rica,
Spain,Cuba,16
Spain,Germany,
Spain,Dominican Rep.,
Spain,Algeria,401
Spain,Ecuador,*
Spain,Egypt,13
Spain,Eritrea,
Spain,Western Sahara,*
Spain,Ethiopia,
Spain,Gabon,
Spain,Georgia,8
Spain,Ghana,*
Spain,Guinea,32
Spain,Gambia,8
Spain,Guinea-Bissau,5
Spain,Equatorial Guinea,*
Spain,Greece,
Spain,Guatemala,
Spain,Honduras,6
Spain,Haiti,
Spain,India,
Spain,Iran (Islamic Rep. of),17
Spain,Iraq,*
Spain,Israel,7
Spain,Jordan,
Spain,Kazakhstan,*
Spain,Kenya,
Spain,Kyrgyzstan,
Spain,Lebanon,*
Spain,Liberia,*
Spain,Libya,*
Spain,Sri Lanka,*
Spain,Morocco,76
Spain,Rep. of Moldova,*
Spain,Mexico,
Spain,The former Yugoslav Republic of Macedonia,
Spain,Mali,1016
Spain,Myanmar,
Spain,Montenegro,
Spain,Mongolia,
Spain,Mauritania,
Spain,Mauritius,
Spain,Niger,*
Spain,Nigeria,21
Spain,Nicaragua,
Spain,Oman,*
Spain,Pakistan,46
Spain,Panama,
Spain,Peru,10
Spain,Dem. People's Rep. of Korea,
Spain,Paraguay,
Spain,Palestinian,19
Spain,Russia,24
Spain,Rwanda,*
Spain,Saudi Arabia,
Spain,Sudan,5
Spain,Senegal,7
Spain,Sierra Leone,*
Spain,El Salvador,8
Spain,Somalia,9
Spain,Serbia and Kosovo (S/RES/1244 (1999)),10
Spain,South Sudan,
Spain,Syrian Arab Rep.,59
Spain,Chad,*
Spain,Togo,7
Spain,Tibetan,
Spain,Tajikistan,
Spain,Turkmenistan,
Spain,Tunisia,12
Spain,Turkey,*
Spain,United Rep. of Tanzania,
Spain,Uganda,
Spain,Ukraine,345
Spain,Uruguay,
Spain,United States,
Spain,Uzbekistan,
Spain,Venezuela (Bolivarian Republic of),
Spain,Viet Nam,
Spain,Various/Unknown,
Spain,Yemen,
Spain,South Africa,
Spain,Zimbabwe,
Sweden,Afghanistan,1525
Sweden,Afghanistan,4031
Sweden,Afghanistan,122
Sweden,Angola,*
Sweden,Angola,10
Sweden,Angola,5
Sweden,Albania,867
Sweden,Albania,42
Sweden,Albania,799
Sweden,United Arab Emirates,0
Sweden,Argentina,5
Sweden,Argentina,*
Sweden,Armenia,63
Sweden,Armenia,221
Sweden,Armenia,192
Sweden,Australia,*
Sweden,Azerbaijan,74
Sweden,Azerbaijan,157
Sweden,Azerbaijan,155
Sweden,Burundi,16
Sweden,Burundi,*
Sweden,Burundi,14
Sweden,Benin,0
Sweden,Benin,0
Sweden,Benin,*
Sweden,Burkina Faso,0
Sweden,Burkina Faso,*
Sweden,Burkina Faso,*
Sweden,Bangladesh,126
Sweden,Bangladesh,16
Sweden,Bangladesh,83
Sweden,Bulgaria,*
Sweden,Bulgaria,*
Sweden,Bulgaria,11
Sweden,Bahrain,0
Sweden,Bosnia and Herzegovina,195
Sweden,Bosnia and Herzegovina,35
Sweden,Bosnia and Herzegovina,138
Sweden,Belarus,82
Sweden,Belarus,33
Sweden,Belarus,75
Sweden,Bolivia (Plurinational State of),14
Sweden,Bolivia (Plurinational State of),11
Sweden,Bolivia (Plurinational State of),20
Sweden,Brazil,10
Sweden,Brazil,*
Sweden,Brazil,14
Sweden,Barbados,0
Sweden,Bhutan,0
Sweden,Central African Rep.,0
Sweden,Central African Rep.,*
Sweden,Canada,*
Sweden,Canada,*
Sweden,Canada,*
Sweden,Chile,20
Sweden,Chile,*
Sweden,Chile,5
Sweden,China,6
Sweden,China,46
Sweden,China,21
Sweden,Côte d'Ivoire,13
Sweden,Côte d'Ivoire,*
Sweden,Côte d'Ivoire,14
Sweden,Cameroon,22
Sweden,Cameroon,*
Sweden,Cameroon,28
Sweden,Dem. Rep. of the Congo,7
Sweden,Dem. Rep. of the Congo,16
Sweden,Dem. Rep. of the Congo,13
Sweden,Congo,9
Sweden,Congo,*
Sweden,Congo,5
Sweden,Colombia,*
Sweden,Colombia,11
Sweden,Colombia,57
Sweden,Comoros,0
Sweden,Comoros,0
Sweden,Cabo Verde,*
Sweden,Cabo Verde,0
Sweden,Costa Rica,*
Sweden,Costa Rica,0
Sweden,Cuba,17
Sweden,Cuba,21
Sweden,Cuba,36
Sweden,Cyprus,0
Sweden,Germany,*
Sweden,Germany,0
Sweden,Djibouti,19
Sweden,Djibouti,15
Sweden,Djibouti,9
Sweden,Denmark,0
Sweden,Dominican Rep.,0
Sweden,Dominican Rep.,*
Sweden,Dominican Rep.,*
Sweden,Algeria,49
Sweden,Algeria,72
Sweden,Algeria,47
Sweden,Ecuador,0
Sweden,Ecuador,*
Sweden,Ecuador,*
Sweden,Egypt,123
Sweden,Egypt,284
Sweden,Egypt,29
Sweden,Eritrea,8
Sweden,Eritrea,38
Sweden,Eritrea,198
Sweden,Spain,6
Sweden,Spain,0
Sweden,Spain,*
Sweden,Estonia,*
Sweden,Ethiopia,266
Sweden,Ethiopia,82
Sweden,Ethiopia,376
Sweden,France,*
Sweden,Gabon,*
Sweden,Gabon,*
Sweden,United Kingdom,*
Sweden,United Kingdom,*
Sweden,Georgia,414
Sweden,Georgia,78
Sweden,Georgia,565
Sweden,Ghana,*
Sweden,Ghana,24
Sweden,Ghana,32
Sweden,Guinea,8
Sweden,Guinea,14
Sweden,Guinea,15
Sweden,Gambia,59
Sweden,Gambia,65
Sweden,Gambia,*
Sweden,Guinea-Bissau,*
Sweden,Guinea-Bissau,0
Sweden,Guinea-Bissau,*
Sweden,Equatorial Guinea,0
Sweden,Equatorial Guinea,0
Sweden,Greece,*
Sweden,Greece,*
Sweden,Grenada,*
Sweden,Grenada,0
Sweden,Guatemala,0
Sweden,Guyana,0
Sweden,Honduras,9
Sweden,Honduras,*
Sweden,Croatia,*
Sweden,Croatia,0
Sweden,Croatia,*
Sweden,Haiti,*
Sweden,Haiti,0
Sweden,Hungary,*
Sweden,Hungary,*
Sweden,Hungary,0
Sweden,Indonesia,*
Sweden,Indonesia,*
Sweden,Indonesia,5
Sweden,India,38
Sweden,India,44
Sweden,India,14
Sweden,Iran (Islamic Rep. of),332
Sweden,Iran (Islamic Rep. of),299
Sweden,Iran (Islamic Rep. of),113
Sweden,Iraq,954
Sweden,Iraq,1781
Sweden,Iraq,350
Sweden,Israel,17
Sweden,Israel,8
Sweden,Israel,*
Sweden,Italy,*
Sweden,Italy,*
Sweden,Italy,6
Sweden,Jamaica,*
Sweden,Jamaica,*
Sweden,Jordan,95
Sweden,Jordan,53
Sweden,Jordan,99
Sweden,Japan,0
Sweden,Japan,0
Sweden,Kazakhstan,52
Sweden,Kazakhstan,117
Sweden,Kazakhstan,98
Sweden,Kenya,17
Sweden,Kenya,17
Sweden,Kenya,26
Sweden,Kyrgyzstan,68
Sweden,Kyrgyzstan,36
Sweden,Kyrgyzstan,82
Sweden,Cambodia,*
Sweden,Cambodia,*
Sweden,Saint Kitts and Nevis,5
Sweden,Saint Kitts and Nevis,5
Sweden,Rep. of Korea,*
Sweden,Rep. of Korea,*
Sweden,Kuwait,0
Sweden,Kuwait,7
Sweden,Kuwait,*
Sweden,Lebanon,164
Sweden,Lebanon,220
Sweden,Lebanon,54
Sweden,Liberia,*
Sweden,Liberia,*
Sweden,Liberia,0
Sweden,Libya,54
Sweden,Libya,66
Sweden,Libya,93
Sweden,Sri Lanka,10
Sweden,Sri Lanka,10
Sweden,Sri Lanka,8
Sweden,Lithuania,0
Sweden,Lithuania,*
Sweden,Lithuania,*
Sweden,Latvia,0
Sweden,Latvia,*
Sweden,Latvia,0
Sweden,Morocco,188
Sweden,Morocco,215
Sweden,Morocco,36
Sweden,Rep. of Moldova,23
Sweden,Rep. of Moldova,12
Sweden,Rep. of Moldova,*
Sweden,Mexico,*
Sweden,Mexico,*
Sweden,Mexico,*
Sweden,The former Yugoslav Republic of Macedonia,33
Sweden,The former Yugoslav Republic of Macedonia,116
Sweden,The former Yugoslav Republic of Macedonia,112
Sweden,Mali,*
Sweden,Mali,*
Sweden,Mali,0
Sweden,Malta,*
Sweden,Myanmar,0
Sweden,Myanmar,*
Sweden,Myanmar,*
Sweden,Montenegro,*
Sweden,Montenegro,23
Sweden,Montenegro,24
Sweden,Mongolia,669
Sweden,Mongolia,253
Sweden,Mongolia,937
Sweden,Mozambique,*
Sweden,Mozambique,0
Sweden,Mauritania,*
Sweden,Mauritania,*
Sweden,Mauritania,0
Sweden,Malaysia,*
Sweden,Malaysia,*
Sweden,Niger,*
Sweden,Niger,*
Sweden,Nigeria,205
Sweden,Nigeria,37
Sweden,Nigeria,189
Sweden,Nicaragua,*
Sweden,Nicaragua,*
Sweden,Nicaragua,28
Sweden,Netherlands,0
Sweden,Norway,*
Sweden,Norway,*
Sweden,Norway,0
Sweden,Nepal,20
Sweden,Nepal,12
Sweden,Nepal,8
Sweden,Pakistan,143
Sweden,Pakistan,219
Sweden,Pakistan,25
Sweden,Peru,*
Sweden,Peru,*
Sweden,Peru,11
Sweden,Philippines,0
Sweden,Philippines,5
Sweden,Philippines,25
Sweden,Poland,*
Sweden,Poland,*
Sweden,Dem. People's Rep. of Korea,0
Sweden,Dem. People's Rep. of Korea,0
Sweden,Dem. People's Rep. of Korea,*
Sweden,Portugal,0
Sweden,Paraguay,0
Sweden,Palestinian,13
Sweden,Palestinian,168
Sweden,Palestinian,279
Sweden,Romania,9
Sweden,Romania,0
Sweden,Romania,9
Sweden,Russia,235
Sweden,Russia,126
Sweden,Russia,199
Sweden,Rwanda,8
Sweden,Rwanda,*
Sweden,Rwanda,*
Sweden,Saudi Arabia,*
Sweden,Saudi Arabia,10
Sweden,Sudan,13
Sweden,Sudan,130
Sweden,Sudan,90
Sweden,Senegal,13
Sweden,Senegal,17
Sweden,Senegal,*
Sweden,Sierra Leone,9
Sweden,Sierra Leone,*
Sweden,Sierra Leone,14
Sweden,El Salvador,178
Sweden,El Salvador,91
Sweden,El Salvador,17
Sweden,Somalia,198
Sweden,Somalia,788
Sweden,Somalia,1009
Sweden,Serbia and Kosovo (S/RES/1244 (1999)),117
Sweden,Serbia and Kosovo (S/RES/1244 (1999)),227
Sweden,Serbia and Kosovo (S/RES/1244 (1999)),260
Sweden,South Sudan,*
Sweden,South Sudan,*
Sweden,South Sudan,*
Sweden,Slovakia,*
Sweden,Slovakia,0
Sweden,Swaziland,*
Sweden,Seychelles,*
Sweden,Seychelles,*
Sweden,Syrian Arab Rep.,136
Sweden,Syrian Arab Rep.,*
Sweden,Syrian Arab Rep.,996
Sweden,Chad,*
Sweden,Chad,*
Sweden,Chad,*
Sweden,Togo,*
Sweden,Togo,*
Sweden,Togo,*
Sweden,Thailand,5
Sweden,Thailand,8
Sweden,Thailand,*
Sweden,Tajikistan,41
Sweden,Tajikistan,26
Sweden,Tajikistan,6
Sweden,Turkmenistan,*
Sweden,Turkmenistan,*
Sweden,Turkmenistan,*
Sweden,Trinidad and Tobago,*
Sweden,Tunisia,55
Sweden,Tunisia,17
Sweden,Tunisia,61
Sweden,Turkey,28
Sweden,Turkey,146
Sweden,Turkey,89
Sweden,United Rep. of Tanzania,20
Sweden,United Rep. of Tanzania,12
Sweden,United Rep. of Tanzania,15
Sweden,Uganda,27
Sweden,Uganda,*
Sweden,Uganda,35
Sweden,Ukraine,46
Sweden,Ukraine,806
Sweden,Ukraine,1213
Sweden,Uruguay,0
Sweden,United States,7
Sweden,United States,*
Sweden,United States,15
Sweden,Uzbekistan,61
Sweden,Uzbekistan,128
Sweden,Uzbekistan,142
Sweden,Venezuela (Bolivarian Republic of),60
Sweden,Venezuela (Bolivarian Republic of),*
Sweden,Venezuela (Bolivarian Republic of),22
Sweden,Viet Nam,12
Sweden,Viet Nam,10
Sweden,Viet Nam,14
Sweden,Stateless,292
Sweden,Stateless,49
Sweden,Stateless,336
Sweden,Various/Unknown,107
Sweden,Various/Unknown,150
Sweden,Various/Unknown,141
Sweden,Yemen,22
Sweden,Yemen,*
Sweden,Yemen,17
Sweden,South Africa,*
Sweden,South Africa,*
Sweden,South Africa,*
Sweden,Zambia,*
Sweden,Zambia,0
Sweden,Zambia,*
Sweden,Zimbabwe,*
Sweden,Zimbabwe,*
Sweden,Zimbabwe,5
Switzerland,Afghanistan,
Switzerland,Angola,
Switzerland,Albania,96
Switzerland,United Arab Emirates,0
Switzerland,Armenia,20
Switzerland,Australia,*
Switzerland,Austria,*
Switzerland,Azerbaijan,
Switzerland,Burundi,0
Switzerland,Belgium,
Switzerland,Benin,
Switzerland,Burkina Faso,7
Switzerland,Bangladesh,
Switzerland,Bulgaria,*
Switzerland,Bahrain,0
Switzerland,Bosnia and Herzegovina,
Switzerland,Belarus,11
Switzerland,Brazil,0
Switzerland,Brunei Darussalam,0
Switzerland,Bhutan,0
Switzerland,Central African Rep.,0
Switzerland,Canada,*
Switzerland,China,
Switzerland,Côte d'Ivoire,16
Switzerland,Cameroon,
Switzerland,Dem. Rep. of the Congo,
Switzerland,Congo,*
Switzerland,Colombia,
Switzerland,Cabo Verde,*
Switzerland,Cuba,
Switzerland,Czech Rep.,0
Switzerland,Germany,*
Switzerland,Djibouti,0
Switzerland,Dominican Rep.,0
Switzerland,Algeria,113
Switzerland,Ecuador,0
Switzerland,Egypt,
Switzerland,Eritrea,
Switzerland,Western Sahara,*
Switzerland,Spain,0
Switzerland,Ethiopia,
Switzerland,France,
Switzerland,Gabon,
Switzerland,United Kingdom,0
Switzerland,Georgia,
Switzerland,Ghana,14
Switzerland,Guinea,70
Switzerland,Gambia,
Switzerland,Guinea-Bissau,
Switzerland,Equatorial Guinea,*
Switzerland,Greece,
Switzerland,Guatemala,*
Switzerland,Honduras,
Switzerland,Croatia,*
Switzerland,Haiti,0
Switzerland,Hungary,
Switzerland,India,
Switzerland,Iran (Islamic Rep. of),
Switzerland,Iraq,
Switzerland,Israel,*
Switzerland,Italy,*
Switzerland,Jamaica,*
Switzerland,Jordan,10
Switzerland,Kazakhstan,
Switzerland,Kenya,*
Switzerland,Kyrgyzstan,*
Switzerland,Cambodia,0
Switzerland,Rep. of Korea,0
Switzerland,Kuwait,0
Switzerland,Lao People's Dem. Rep.,0
Switzerland,Lebanon,
Switzerland,Liberia,
Switzerland,Libya,
Switzerland,Sri Lanka,289
Switzerland,Lithuania,*
Switzerland,Luxembourg,0
Switzerland,Morocco,
Switzerland,Rep. of Moldova,19
Switzerland,Madagascar,0
Switzerland,Mexico,0
Switzerland,The former Yugoslav Republic of Macedonia,
Switzerland,Mali,
Switzerland,Myanmar,5
Switzerland,Montenegro,
Switzerland,Mongolia,60
Switzerland,Mozambique,*
Switzerland,Mauritania,
Switzerland,Mauritius,0
Switzerland,Malawi,0
Switzerland,Malaysia,*
Switzerland,Niger,*
Switzerland,Nigeria,
Switzerland,Nicaragua,0
Switzerland,Netherlands,*
Switzerland,Nepal,11
Switzerland,Pakistan,36
Switzerland,Panama,0
Switzerland,Peru,*
Switzerland,Philippines,0
Switzerland,Poland,*
Switzerland,Dem. People's Rep. of Korea,0
Switzerland,Portugal,*
Switzerland,Romania,
Switzerland,Russia,
Switzerland,Rwanda,*
Switzerland,Saudi Arabia,*
Switzerland,Sudan,
Switzerland,Senegal,
Switzerland,Sierra Leone,
Switzerland,El Salvador,0
Switzerland,Somalia,108
Switzerland,Serbia and Kosovo (S/RES/1244 (1999)),
Switzerland,South Sudan,*
Switzerland,Slovakia,*
Switzerland,Slovenia,0
Switzerland,Sweden,*
Switzerland,Syrian Arab Rep.,89
Switzerland,Chad,*
Switzerland,Togo,
Switzerland,Tajikistan,0
Switzerland,Turkmenistan,0
Switzerland,Trinidad and Tobago,*
Switzerland,Tunisia,77
Switzerland,Turkey,98
Switzerland,United Rep. of Tanzania,*
Switzerland,Uganda,*
Switzerland,Ukraine,
Switzerland,United States,*
Switzerland,Uzbekistan,*
Switzerland,Venezuela (Bolivarian Republic of),0
Switzerland,Viet Nam,*
Switzerland,Stateless,0
Switzerland,Various/Unknown,
Switzerland,Yemen,0
Switzerland,South Africa,
Switzerland,Zambia,0
Switzerland,Zimbabwe,0
Turkey,Afghanistan,
Turkey,Afghanistan,*
Turkey,Afghanistan,7
Turkey,Angola,0
Turkey,Angola,
Turkey,United Arab Emirates,0
Turkey,Burundi,0
Turkey,Benin,0
Turkey,Burkina Faso,0
Turkey,Bangladesh,0
Turkey,Bangladesh,
Turkey,Bahrain,0
Turkey,Belarus,0
Turkey,Central African Rep.,0
Turkey,Chile,0
Turkey,China,0
Turkey,Côte d'Ivoire,0
Turkey,Côte d'Ivoire,
Turkey,Cameroon,
Turkey,Cameroon,0
Turkey,Dem. Rep. of the Congo,*
Turkey,Dem. Rep. of the Congo,
Turkey,Dem. Rep. of the Congo,
Turkey,Congo,0
Turkey,Cuba,0
Turkey,Djibouti,
Turkey,Djibouti,0
Turkey,Dominica,0
Turkey,Dominican Rep.,0
Turkey,Algeria,
Turkey,Algeria,0
Turkey,Egypt,*
Turkey,Egypt,29
Turkey,Eritrea,*
Turkey,Eritrea,
Turkey,Eritrea,
Turkey,Ethiopia,*
Turkey,Ethiopia,*
Turkey,France,0
Turkey,Gabon,0
Turkey,Ghana,
Turkey,Ghana,*
Turkey,Guinea,
Turkey,Guinea,
Turkey,Guinea,0
Turkey,Gambia,0
Turkey,Haiti,0
Turkey,Indonesia,0
Turkey,India,0
Turkey,Iran (Islamic Rep. of),753
Turkey,Iran (Islamic Rep. of),16
Turkey,Iran (Islamic Rep. of),48
Turkey,Iraq,6
Turkey,Iraq,
Turkey,Iraq,36
Turkey,Israel,0
Turkey,Jordan,*
Turkey,Kazakhstan,0
Turkey,Kenya,
Turkey,Kenya,*
Turkey,Kyrgyzstan,
Turkey,Kyrgyzstan,*
Turkey,Kuwait,0
Turkey,Lebanon,
Turkey,Lebanon,*
Turkey,Liberia,0
Turkey,Libya,0
Turkey,Libya,
Turkey,Sri Lanka,0
Turkey,Morocco,
Turkey,Morocco,0
Turkey,Mali,*
Turkey,Mali,
Turkey,Myanmar,
Turkey,Myanmar,0
Turkey,Mongolia,0
Turkey,Mauritania,0
Turkey,Malaysia,0
Turkey,Niger,0
Turkey,Nigeria,
Turkey,Nigeria,0
Turkey,Nepal,0
Turkey,Oman,0
Turkey,Pakistan,
Turkey,Pakistan,
Turkey,Pakistan,*
Turkey,Peru,0
Turkey,Philippines,0
Turkey,Palestinian,
Turkey,Palestinian,*
Turkey,Romania,0
Turkey,Russia,
Turkey,Russia,0
Turkey,Rwanda,0
Turkey,Rwanda,
Turkey,Saudi Arabia,0
Turkey,Sudan,7
Turkey,Sudan,
Turkey,Senegal,
Turkey,Senegal,*
Turkey,Sierra Leone,0
Turkey,Sierra Leone,
Turkey,Somalia,
Turkey,Somalia,
Turkey,Somalia,0
Turkey,South Sudan,0
Turkey,Suriname,0
Turkey,Syrian Arab Rep.,
Turkey,Syrian Arab Rep.,0
Turkey,Chad,0
Turkey,Togo,0
Turkey,Tibetan,0
Turkey,Tajikistan,
Turkey,Tajikistan,8
Turkey,Turkmenistan,
Turkey,Turkmenistan,*
Turkey,Tunisia,0
Turkey,Tunisia,
Turkey,United Rep. of Tanzania,0
Turkey,Uganda,28
Turkey,Uganda,
Turkey,Ukraine,0
Turkey,Uzbekistan,*
Turkey,Uzbekistan,*
Turkey,Stateless,*
Turkey,Stateless,
Turkey,Various/Unknown,0
Turkey,Yemen,0
Turkey,Yemen,
Turkey,Zimbabwe,0
United Arab Emirates,Afghanistan,
United Arab Emirates,Burundi,
United Arab Emirates,Egypt,
United Arab Emirates,Eritrea,
United Arab Emirates,Ethiopia,
United Arab Emirates,Iran (Islamic Rep. of),
United Arab Emirates,Iraq,
United Arab Emirates,Sri Lanka,
United Arab Emirates,Pakistan,
United Arab Emirates,Palestinian,
United Arab Emirates,Rwanda,
United Arab Emirates,Saudi Arabia,
United Arab Emirates,Sudan,*
United Arab Emirates,Syrian Arab Rep.,
United Arab Emirates,Stateless,
United Arab Emirates,Yemen,
United Kingdom,Aruba,
United Kingdom,Aruba,0
United Kingdom,Aruba,0
United Kingdom,Afghanistan,1097
United Kingdom,Afghanistan,0
United Kingdom,Afghanistan,388
United Kingdom,Angola,39
United Kingdom,Angola,0
United Kingdom,Angola,13
United Kingdom,Anguilla,0
United Kingdom,Anguilla,
United Kingdom,Anguilla,0
United Kingdom,Albania,800
United Kingdom,Albania,441
United Kingdom,Albania,*
United Kingdom,Andorra,0
United Kingdom,Andorra,0
United Kingdom,Andorra,0
United Kingdom,United Arab Emirates,0
United Kingdom,United Arab Emirates,*
United Kingdom,United Arab Emirates,0
United Kingdom,Argentina,*
United Kingdom,Argentina,0
United Kingdom,Argentina,0
United Kingdom,Armenia,*
United Kingdom,Armenia,11
United Kingdom,Armenia,0
United Kingdom,American Samoa,0
United Kingdom,American Samoa,0
United Kingdom,American Samoa,
United Kingdom,Antigua and Barbuda,0
United Kingdom,Antigua and Barbuda,0
United Kingdom,Antigua and Barbuda,0
United Kingdom,Australia,0
United Kingdom,Australia,0
United Kingdom,Australia,0
United Kingdom,Austria,0
United Kingdom,Austria,0
United Kingdom,Austria,0
United Kingdom,Azerbaijan,13
United Kingdom,Azerbaijan,*
United Kingdom,Azerbaijan,0
United Kingdom,Burundi,0
United Kingdom,Burundi,*
United Kingdom,Burundi,15
United Kingdom,Belgium,0
United Kingdom,Belgium,0
United Kingdom,Belgium,0
United Kingdom,Benin,*
United Kingdom,Benin,0
United Kingdom,Benin,0
United Kingdom,Burkina Faso,0
United Kingdom,Burkina Faso,*
United Kingdom,Burkina Faso,0
United Kingdom,Bangladesh,1323
United Kingdom,Bangladesh,0
United Kingdom,Bangladesh,535
United Kingdom,Bulgaria,*
United Kingdom,Bulgaria,0
United Kingdom,Bulgaria,0
United Kingdom,Bahrain,*
United Kingdom,Bahrain,0
United Kingdom,Bahrain,*
United Kingdom,Bahamas,0
United Kingdom,Bahamas,0
United Kingdom,Bahamas,0
United Kingdom,Bosnia and Herzegovina,*
United Kingdom,Bosnia and Herzegovina,0
United Kingdom,Bosnia and Herzegovina,0
United Kingdom,Belarus,*
United Kingdom,Belarus,0
United Kingdom,Belarus,*
United Kingdom,Belize,*
United Kingdom,Belize,0
United Kingdom,Belize,
United Kingdom,Bermuda,
United Kingdom,Bermuda,0
United Kingdom,Bermuda,0
United Kingdom,Bolivia (Plurinational State of),8
United Kingdom,Bolivia (Plurinational State of),0
United Kingdom,Bolivia (Plurinational State of),*
United Kingdom,Brazil,0
United Kingdom,Brazil,16
United Kingdom,Brazil,*
United Kingdom,Barbados,10
United Kingdom,Barbados,*
United Kingdom,Barbados,0
United Kingdom,Brunei Darussalam,0
United Kingdom,Brunei Darussalam,0
United Kingdom,Brunei Darussalam,0
United Kingdom,Bhutan,*
United Kingdom,Bhutan,*
United Kingdom,Bhutan,0
United Kingdom,Botswana,*
United Kingdom,Botswana,0
United Kingdom,Botswana,6
United Kingdom,Central African Rep.,*
United Kingdom,Central African Rep.,0
United Kingdom,Central African Rep.,0
United Kingdom,Canada,0
United Kingdom,Canada,6
United Kingdom,Canada,0
United Kingdom,Switzerland,0
United Kingdom,Switzerland,0
United Kingdom,Switzerland,0
United Kingdom,Chile,0
United Kingdom,Chile,0
United Kingdom,Chile,0
United Kingdom,China,236
United Kingdom,China,*
United Kingdom,China,565
United Kingdom,Côte d'Ivoire,18
United Kingdom,Côte d'Ivoire,16
United Kingdom,Côte d'Ivoire,0
United Kingdom,Cameroon,85
United Kingdom,Cameroon,0
United Kingdom,Cameroon,51
United Kingdom,Dem. Rep. of the Congo,0
United Kingdom,Dem. Rep. of the Congo,112
United Kingdom,Dem. Rep. of the Congo,71
United Kingdom,Congo,13
United Kingdom,Congo,0
United Kingdom,Congo,17
United Kingdom,Cook Islands,0
United Kingdom,Cook Islands,
United Kingdom,Cook Islands,0
United Kingdom,Colombia,0
United Kingdom,Colombia,*
United Kingdom,Colombia,0
United Kingdom,Comoros,0
United Kingdom,Comoros,0
United Kingdom,Comoros,0
United Kingdom,Cabo Verde,0
United Kingdom,Cabo Verde,*
United Kingdom,Cabo Verde,0
United Kingdom,Costa Rica,0
United Kingdom,Costa Rica,0
United Kingdom,Costa Rica,0
United Kingdom,Cuba,*
United Kingdom,Cuba,0
United Kingdom,Cuba,*
United Kingdom,Curaçao,
United Kingdom,Curaçao,0
United Kingdom,Curaçao,0
United Kingdom,Cayman Islands,0
United Kingdom,Cayman Islands,
United Kingdom,Cayman Islands,0
United Kingdom,Cyprus,*
United Kingdom,Cyprus,0
United Kingdom,Cyprus,0
United Kingdom,Czech Rep.,0
United Kingdom,Czech Rep.,0
United Kingdom,Czech Rep.,*
United Kingdom,Germany,0
United Kingdom,Germany,*
United Kingdom,Germany,0
United Kingdom,Djibouti,0
United Kingdom,Djibouti,*
United Kingdom,Djibouti,*
United Kingdom,Dominica,7
United Kingdom,Dominica,*
United Kingdom,Dominica,0
United Kingdom,Denmark,0
United Kingdom,Denmark,0
United Kingdom,Denmark,0
United Kingdom,Dominican Rep.,*
United Kingdom,Dominican Rep.,0
United Kingdom,Dominican Rep.,0
United Kingdom,Algeria,35
United Kingdom,Algeria,0
United Kingdom,Algeria,102
United Kingdom,Ecuador,0
United Kingdom,Ecuador,0
United Kingdom,Ecuador,*
United Kingdom,Egypt,110
United Kingdom,Egypt,235
United Kingdom,Egypt,0
United Kingdom,Eritrea,162
United Kingdom,Eritrea,0
United Kingdom,Eritrea,517
United Kingdom,Western Sahara,0
United Kingdom,Western Sahara,*
United Kingdom,Western Sahara,0
United Kingdom,Spain,0
United Kingdom,Spain,*
United Kingdom,Spain,0
United Kingdom,Estonia,*
United Kingdom,Estonia,0
United Kingdom,Estonia,0
United Kingdom,Ethiopia,148
United Kingdom,Ethiopia,164
United Kingdom,Ethiopia,0
United Kingdom,Finland,0
United Kingdom,Finland,0
United Kingdom,Finland,0
United Kingdom,Fiji,0
United Kingdom,Fiji,0
United Kingdom,Fiji,*
United Kingdom,France,0
United Kingdom,France,0
United Kingdom,France,5
United Kingdom,Micronesia (Federated States of),0
United Kingdom,Micronesia (Federated States of),0
United Kingdom,Micronesia (Federated States of),0
United Kingdom,Gabon,0
United Kingdom,Gabon,0
United Kingdom,Gabon,0
United Kingdom,Georgia,*
United Kingdom,Georgia,13
United Kingdom,Georgia,36
United Kingdom,Ghana,49
United Kingdom,Ghana,*
United Kingdom,Ghana,196
United Kingdom,Gibraltar,0
United Kingdom,Gibraltar,0
United Kingdom,Gibraltar,
United Kingdom,Guinea,10
United Kingdom,Guinea,*
United Kingdom,Guinea,12
United Kingdom,Guadeloupe,0
United Kingdom,Guadeloupe,0
United Kingdom,Guadeloupe,
United Kingdom,Gambia,150
United Kingdom,Gambia,0
United Kingdom,Gambia,97
United Kingdom,Guinea-Bissau,*
United Kingdom,Guinea-Bissau,0
United Kingdom,Guinea-Bissau,0
United Kingdom,Equatorial Guinea,0
United Kingdom,Equatorial Guinea,*
United Kingdom,Equatorial Guinea,0
United Kingdom,Greece,0
United Kingdom,Greece,*
United Kingdom,Greece,0
United Kingdom,Grenada,*
United Kingdom,Grenada,*
United Kingdom,Grenada,0
United Kingdom,Guatemala,0
United Kingdom,Guatemala,0
United Kingdom,Guatemala,*
United Kingdom,French Guiana,0
United Kingdom,French Guiana,0
United Kingdom,French Guiana,
United Kingdom,Guyana,*
United Kingdom,Guyana,0
United Kingdom,Guyana,5
United Kingdom,"China, Hong Kong SAR",*
United Kingdom,"China, Hong Kong SAR",*
United Kingdom,"China, Hong Kong SAR",
United Kingdom,Honduras,*
United Kingdom,Honduras,*
United Kingdom,Honduras,0
United Kingdom,Croatia,0
United Kingdom,Croatia,0
United Kingdom,Croatia,0
United Kingdom,Haiti,0
United Kingdom,Haiti,0
United Kingdom,Haiti,0
United Kingdom,Hungary,*
United Kingdom,Hungary,0
United Kingdom,Hungary,0
United Kingdom,Indonesia,*
United Kingdom,Indonesia,0
United Kingdom,Indonesia,6
United Kingdom,India,*
United Kingdom,India,80
United Kingdom,India,1229
United Kingdom,Ireland,0
United Kingdom,Ireland,0
United Kingdom,Ireland,0
United Kingdom,Iran (Islamic Rep. of),2185
United Kingdom,Iran (Islamic Rep. of),*
United Kingdom,Iran (Islamic Rep. of),657
United Kingdom,Iraq,1948
United Kingdom,Iraq,618
United Kingdom,Iraq,*
United Kingdom,Iceland,0
United Kingdom,Iceland,0
United Kingdom,Iceland,0
United Kingdom,Israel,0
United Kingdom,Israel,*
United Kingdom,Israel,*
United Kingdom,Italy,*
United Kingdom,Italy,0
United Kingdom,Italy,0
United Kingdom,Jamaica,0
United Kingdom,Jamaica,34
United Kingdom,Jamaica,188
United Kingdom,Jordan,10
United Kingdom,Jordan,5
United Kingdom,Jordan,0
United Kingdom,Japan,0
United Kingdom,Japan,0
United Kingdom,Japan,*
United Kingdom,Kazakhstan,0
United Kingdom,Kazakhstan,0
United Kingdom,Kazakhstan,*
United Kingdom,Kenya,0
United Kingdom,Kenya,57
United Kingdom,Kenya,26
United Kingdom,Kyrgyzstan,0
United Kingdom,Kyrgyzstan,5
United Kingdom,Kyrgyzstan,*
United Kingdom,Cambodia,0
United Kingdom,Cambodia,0
United Kingdom,Cambodia,0
United Kingdom,Kiribati,0
United Kingdom,Kiribati,0
United Kingdom,Kiribati,0
United Kingdom,Saint Kitts and Nevis,0
United Kingdom,Saint Kitts and Nevis,*
United Kingdom,Saint Kitts and Nevis,
United Kingdom,Rep. of Korea,0
United Kingdom,Rep. of Korea,5
United Kingdom,Rep. of Korea,0
United Kingdom,Kuwait,33
United Kingdom,Kuwait,10
United Kingdom,Kuwait,0
United Kingdom,Lao People's Dem. Rep.,0
United Kingdom,Lao People's Dem. Rep.,0
United Kingdom,Lao People's Dem. Rep.,0
United Kingdom,Lebanon,71
United Kingdom,Lebanon,18
United Kingdom,Lebanon,0
United Kingdom,Liberia,*
United Kingdom,Liberia,0
United Kingdom,Liberia,*
United Kingdom,Libya,129
United Kingdom,Libya,444
United Kingdom,Libya,0
United Kingdom,Saint Lucia,14
United Kingdom,Saint Lucia,*
United Kingdom,Saint Lucia,0
United Kingdom,Liechtenstein,0
United Kingdom,Liechtenstein,0
United Kingdom,Liechtenstein,0
United Kingdom,Sri Lanka,1000
United Kingdom,Sri Lanka,0
United Kingdom,Sri Lanka,442
United Kingdom,Lesotho,*
United Kingdom,Lesotho,0
United Kingdom,Lesotho,0
United Kingdom,Lithuania,0
United Kingdom,Lithuania,19
United Kingdom,Lithuania,*
United Kingdom,Luxembourg,0
United Kingdom,Luxembourg,0
United Kingdom,Luxembourg,0
United Kingdom,Latvia,6
United Kingdom,Latvia,0
United Kingdom,Latvia,*
United Kingdom,"China, Macao SAR",0
United Kingdom,"China, Macao SAR",
United Kingdom,"China, Macao SAR",0
United Kingdom,Morocco,0
United Kingdom,Morocco,20
United Kingdom,Morocco,54
United Kingdom,Monaco,0
United Kingdom,Monaco,0
United Kingdom,Monaco,0
United Kingdom,Rep. of Moldova,0
United Kingdom,Rep. of Moldova,*
United Kingdom,Rep. of Moldova,0
United Kingdom,Madagascar,0
United Kingdom,Madagascar,0
United Kingdom,Madagascar,0
United Kingdom,Maldives,0
United Kingdom,Maldives,0
United Kingdom,Maldives,0
United Kingdom,Mexico,16
United Kingdom,Mexico,0
United Kingdom,Mexico,6
United Kingdom,Marshall Islands,0
United Kingdom,Marshall Islands,0
United Kingdom,Marshall Islands,0
United Kingdom,The former Yugoslav Republic of Macedonia,0
United Kingdom,The former Yugoslav Republic of Macedonia,*
United Kingdom,The former Yugoslav Republic of Macedonia,*
United Kingdom,Mali,0
United Kingdom,Mali,*
United Kingdom,Mali,7
United Kingdom,Malta,0
United Kingdom,Malta,0
United Kingdom,Malta,0
United Kingdom,Myanmar,0
United Kingdom,Myanmar,70
United Kingdom,Myanmar,80
United Kingdom,Montenegro,0
United Kingdom,Montenegro,0
United Kingdom,Montenegro,0
United Kingdom,Mongolia,0
United Kingdom,Mongolia,*
United Kingdom,Mongolia,13
United Kingdom,Mozambique,*
United Kingdom,Mozambique,0
United Kingdom,Mozambique,0
United Kingdom,Mauritania,0
United Kingdom,Mauritania,0
United Kingdom,Mauritania,0
United Kingdom,Martinique,0
United Kingdom,Martinique,
United Kingdom,Martinique,0
United Kingdom,Mauritius,0
United Kingdom,Mauritius,5
United Kingdom,Mauritius,56
United Kingdom,Malawi,*
United Kingdom,Malawi,27
United Kingdom,Malawi,75
United Kingdom,Malaysia,55
United Kingdom,Malaysia,0
United Kingdom,Malaysia,17
United Kingdom,Namibia,11
United Kingdom,Namibia,*
United Kingdom,Namibia,0
United Kingdom,New Caledonia,0
United Kingdom,New Caledonia,
United Kingdom,New Caledonia,0
United Kingdom,Niger,*
United Kingdom,Niger,0
United Kingdom,Niger,*
United Kingdom,Norfolk Island,0
United Kingdom,Norfolk Island,0
United Kingdom,Norfolk Island,
United Kingdom,Nigeria,*
United Kingdom,Nigeria,280
United Kingdom,Nigeria,1126
United Kingdom,Nicaragua,*
United Kingdom,Nicaragua,0
United Kingdom,Nicaragua,0
United Kingdom,Niue,
United Kingdom,Niue,0
United Kingdom,Niue,0
United Kingdom,Netherlands,0
United Kingdom,Netherlands,*
United Kingdom,Netherlands,0
United Kingdom,Norway,0
United Kingdom,Norway,0
United Kingdom,Norway,0
United Kingdom,Nepal,0
United Kingdom,Nepal,105
United Kingdom,Nepal,27
United Kingdom,Nauru,0
United Kingdom,Nauru,0
United Kingdom,Nauru,0
United Kingdom,New Zealand,0
United Kingdom,New Zealand,0
United Kingdom,New Zealand,*
United Kingdom,Oman,0
United Kingdom,Oman,*
United Kingdom,Oman,0
United Kingdom,Pakistan,*
United Kingdom,Pakistan,769
United Kingdom,Pakistan,2236
United Kingdom,Panama,*
United Kingdom,Panama,*
United Kingdom,Panama,0
United Kingdom,Peru,0
United Kingdom,Peru,0
United Kingdom,Peru,0
United Kingdom,Philippines,52
United Kingdom,Philippines,21
United Kingdom,Philippines,0
United Kingdom,Palau,0
United Kingdom,Palau,0
United Kingdom,Palau,0
United Kingdom,Papua New Guinea,*
United Kingdom,Papua New Guinea,0
United Kingdom,Papua New Guinea,*
United Kingdom,Poland,30
United Kingdom,Poland,0
United Kingdom,Poland,*
United Kingdom,Puerto Rico,
United Kingdom,Puerto Rico,0
United Kingdom,Puerto Rico,0
United Kingdom,Dem. People's Rep. of Korea,0
United Kingdom,Dem. People's Rep. of Korea,21
United Kingdom,Dem. People's Rep. of Korea,*
United Kingdom,Portugal,5
United Kingdom,Portugal,0
United Kingdom,Portugal,0
United Kingdom,Paraguay,0
United Kingdom,Paraguay,0
United Kingdom,Paraguay,0
United Kingdom,Palestinian,79
United Kingdom,Palestinian,38
United Kingdom,Palestinian,0
United Kingdom,French Polynesia,0
United Kingdom,French Polynesia,0
United Kingdom,French Polynesia,
United Kingdom,Qatar,0
United Kingdom,Qatar,0
United Kingdom,Qatar,0
United Kingdom,Romania,17
United Kingdom,Romania,0
United Kingdom,Romania,*
United Kingdom,Russia,15
United Kingdom,Russia,49
United Kingdom,Russia,0
United Kingdom,Rwanda,*
United Kingdom,Rwanda,0
United Kingdom,Rwanda,15
United Kingdom,Saudi Arabia,16
United Kingdom,Saudi Arabia,0
United Kingdom,Saudi Arabia,*
United Kingdom,Sudan,103
United Kingdom,Sudan,*
United Kingdom,Sudan,145
United Kingdom,Senegal,0
United Kingdom,Senegal,17
United Kingdom,Senegal,10
United Kingdom,Singapore,0
United Kingdom,Singapore,0
United Kingdom,Singapore,0
United Kingdom,Svalbard and Jan Mayen,0
United Kingdom,Svalbard and Jan Mayen,0
United Kingdom,Svalbard and Jan Mayen,
United Kingdom,Solomon Islands,0
United Kingdom,Solomon Islands,0
United Kingdom,Solomon Islands,0
United Kingdom,Sierra Leone,39
United Kingdom,Sierra Leone,0
United Kingdom,Sierra Leone,17
United Kingdom,El Salvador,7
United Kingdom,El Salvador,26
United Kingdom,El Salvador,0
United Kingdom,San Marino,0
United Kingdom,San Marino,0
United Kingdom,San Marino,0
United Kingdom,Somalia,0
United Kingdom,Somalia,167
United Kingdom,Somalia,122
United Kingdom,Saint-Pierre-et-Miquelon,
United Kingdom,Saint-Pierre-et-Miquelon,0
United Kingdom,Saint-Pierre-et-Miquelon,0
United Kingdom,Serbia and Kosovo (S/RES/1244 (1999)),9
United Kingdom,Serbia and Kosovo (S/RES/1244 (1999)),*
United Kingdom,Serbia and Kosovo (S/RES/1244 (1999)),*
United Kingdom,South Sudan,0
United Kingdom,South Sudan,*
United Kingdom,South Sudan,0
United Kingdom,Sao Tome and Principe,0
United Kingdom,Sao Tome and Principe,0
United Kingdom,Sao Tome and Principe,
United Kingdom,Suriname,0
United Kingdom,Suriname,0
United Kingdom,Suriname,0
United Kingdom,Slovakia,0
United Kingdom,Slovakia,*
United Kingdom,Slovakia,*
United Kingdom,Slovenia,0
United Kingdom,Slovenia,0
United Kingdom,Slovenia,0
United Kingdom,Sweden,*
United Kingdom,Sweden,0
United Kingdom,Sweden,0
United Kingdom,Swaziland,0
United Kingdom,Swaziland,*
United Kingdom,Swaziland,9
United Kingdom,Seychelles,0
United Kingdom,Seychelles,*
United Kingdom,Seychelles,*
United Kingdom,Syrian Arab Rep.,93
United Kingdom,Syrian Arab Rep.,0
United Kingdom,Syrian Arab Rep.,143
United Kingdom,Turks and Caicos Islands,0
United Kingdom,Turks and Caicos Islands,
United Kingdom,Turks and Caicos Islands,0
United Kingdom,Chad,0
United Kingdom,Chad,10
United Kingdom,Chad,*
United Kingdom,Togo,0
United Kingdom,Togo,*
United Kingdom,Togo,*
United Kingdom,Thailand,*
United Kingdom,Thailand,7
United Kingdom,Thailand,0
United Kingdom,Tibetan,
United Kingdom,Tajikistan,0
United Kingdom,Tajikistan,0
United Kingdom,Tajikistan,0
United Kingdom,Turkmenistan,6
United Kingdom,Turkmenistan,0
United Kingdom,Turkmenistan,0
United Kingdom,Timor-Leste,0
United Kingdom,Timor-Leste,0
United Kingdom,Timor-Leste,0
United Kingdom,Tonga,0
United Kingdom,Tonga,0
United Kingdom,Tonga,0
United Kingdom,Trinidad and Tobago,5
United Kingdom,Trinidad and Tobago,34
United Kingdom,Trinidad and Tobago,0
United Kingdom,Tunisia,25
United Kingdom,Tunisia,0
United Kingdom,Tunisia,13
United Kingdom,Turkey,176
United Kingdom,Turkey,73
United Kingdom,Turkey,0
United Kingdom,Tuvalu,0
United Kingdom,Tuvalu,0
United Kingdom,Tuvalu,0
United Kingdom,United Rep. of Tanzania,20
United Kingdom,United Rep. of Tanzania,37
United Kingdom,United Rep. of Tanzania,0
United Kingdom,Uganda,0
United Kingdom,Uganda,128
United Kingdom,Uganda,51
United Kingdom,Ukraine,105
United Kingdom,Ukraine,34
United Kingdom,Ukraine,0
United Kingdom,Uruguay,0
United Kingdom,Uruguay,0
United Kingdom,Uruguay,0
United Kingdom,United States,0
United Kingdom,United States,*
United Kingdom,United States,24
United Kingdom,Uzbekistan,0
United Kingdom,Uzbekistan,11
United Kingdom,Uzbekistan,7
United Kingdom,Holy See (the),0
United Kingdom,Holy See (the),0
United Kingdom,Holy See (the),0
United Kingdom,Saint Vincent and the Grenadines,0
United Kingdom,Saint Vincent and the Grenadines,*
United Kingdom,Saint Vincent and the Grenadines,6
United Kingdom,Venezuela (Bolivarian Republic of),6
United Kingdom,Venezuela (Bolivarian Republic of),5
United Kingdom,Venezuela (Bolivarian Republic of),0
United Kingdom,British Virgin Islands,
United Kingdom,Viet Nam,95
United Kingdom,Viet Nam,12
United Kingdom,Viet Nam,181
United Kingdom,Vanuatu,0
United Kingdom,Vanuatu,0
United Kingdom,Vanuatu,0
United Kingdom,Wallis and Futuna Islands ,0
United Kingdom,Wallis and Futuna Islands ,0
United Kingdom,Wallis and Futuna Islands ,
United Kingdom,Samoa,0
United Kingdom,Samoa,0
United Kingdom,Samoa,0
United Kingdom,Stateless,*
United Kingdom,Stateless,231
United Kingdom,Stateless,40
United Kingdom,Various/Unknown,*
United Kingdom,Various/Unknown,0
United Kingdom,Various/Unknown,*
United Kingdom,Yemen,37
United Kingdom,Yemen,0
United Kingdom,Yemen,12
United Kingdom,South Africa,49
United Kingdom,South Africa,15
United Kingdom,South Africa,0
United Kingdom,Zambia,0
United Kingdom,Zambia,6
United Kingdom,Zambia,22
United Kingdom,Zimbabwe,135
United Kingdom,Zimbabwe,0
United Kingdom,Zimbabwe,223
